player,role,base_score,pp_score,middle_score,death_score,economy,total_wickets,best_economy,avg_dots_per_spell,wkts_3yr_avg,econ_3yr_avg
Rashid Khan,allrounder,34.60976315789473,34.60976315789473,34.60976315789473,34.60976315789473,6.38,112.0,1.75,10.526315789473683,19.0,6.216666666666666
Lasith Malinga,bowler,34.51280180180181,0.0,34.51280180180181,34.51280180180181,7.206666666666667,170.0,2.0,11.675675675675675,17.0,8.56
Sunil Narine,allrounder,34.43490909090909,34.43490909090909,34.43490909090909,34.43490909090909,6.734545454545454,152.0,2.72,11.0,10.0,6.6499999999999995
Zaheer Khan,allrounder,34.413404761904765,0.0,34.413404761904765,34.413404761904765,7.459999999999999,102.0,2.25,11.80952380952381,9.0,7.316666666666666
Ravichandran Ashwin,allrounder,34.364285714285714,34.364285714285714,34.364285714285714,34.364285714285714,6.699999999999999,157.0,1.5,9.67142857142857,10.666666666666666,7.523333333333333
Bhuvneshwar Kumar,allrounder,34.32787745098039,0.0,34.32787745098039,34.32787745098039,7.211666666666667,154.0,3.0,11.509803921568627,7.0,7.43
Sandeep Sharma,bowler,34.211773529411765,0.0,34.211773529411765,34.211773529411765,7.813,114.0,2.75,11.794117647058824,6.333333333333333,7.823333333333333
Jasprit Bumrah,bowler,34.15167441860465,0.0,34.15167441860465,34.15167441860465,7.99,145.0,2.33,11.488372093023257,21.0,7.12
Harbhajan Singh,allrounder,34.13841025641026,0.0,34.13841025641026,34.13841025641026,7.306923076923076,150.0,2.25,10.166666666666666,7.666666666666667,8.19
Amit Mishra,allrounder,34.12256818181818,0.0,34.12256818181818,34.12256818181818,7.426428571428572,166.0,2.0,10.10909090909091,6.666666666666667,7.243333333333333
Yuzvendra Chahal,bowler,33.92643039215687,0.0,33.92643039215687,33.92643039215687,7.712999999999999,166.0,1.5,9.254901960784316,22.0,7.293333333333333
Axar Patel,allrounder,33.86834848484848,0.0,33.86834848484848,33.86834848484848,7.356666666666666,101.0,2.5,9.090909090909092,10.0,6.839999999999999
Umesh Yadav,allrounder,33.84625,0.0,33.84625,33.84625,8.708333333333334,135.0,2.75,11.533333333333331,8.0,9.57
Dale Steyn,allrounder,33.785954545454544,0.0,33.785954545454544,33.785954545454544,7.624545454545455,97.0,2.0,13.272727272727272,1.6666666666666667,9.506666666666666
Piyush Chawla,allrounder,33.73566666666667,0.0,33.73566666666667,33.73566666666667,8.088571428571429,157.0,4.0,10.833333333333334,5.666666666666667,9.183333333333335
Ravindra Jadeja,allrounder,33.71635714285714,0.0,33.71635714285714,33.71635714285714,7.754285714285715,132.0,2.75,9.214285714285714,8.0,7.773333333333333
Dwayne Bravo,allrounder,33.34632133995037,0.0,33.34632133995037,33.34632133995037,8.342307692307692,183.0,3.0,8.580645161290322,12.0,8.359999999999998
Mohammad Shami,bowler,33.294222222222224,0.0,33.294222222222224,33.294222222222224,8.802222222222222,99.0,3.5,11.0,19.666666666666668,8.023333333333333
Kagiso Rabada,allrounder,33.192188888888886,0.0,33.192188888888886,33.192188888888886,8.312000000000001,99.0,5.25,10.944444444444445,22.666666666666668,8.31
Vinay Kumar,allrounder,33.09834615384615,0.0,33.09834615384615,0.0,9.159999999999998,105.0,4.33,9.76923076923077,2.3333333333333335,11.463333333333331
Chris Morris,allrounder,32.370333333333335,0.0,32.370333333333335,32.370333333333335,8.18,95.0,4.0,11.666666666666666,13.0,8.356666666666667
Harshal Patel,allrounder,32.2962,0.0,32.2962,0.0,9.118,97.0,2.75,9.0,18.0,8.243333333333334
Shane Watson,allrounder,31.651471428571426,0.0,31.651471428571426,31.651471428571426,8.006,92.0,2.5,11.142857142857142,10.333333333333334,8.89
Trent Boult,bowler,31.48984090909091,0.0,31.48984090909091,31.48984090909091,8.555,92.0,3.5,12.045454545454543,18.0,7.933333333333334
Praveen Kumar,allrounder,31.39913333333333,0.0,31.39913333333333,31.39913333333333,7.812,90.0,2.0,12.166666666666666,7.333333333333333,8.686666666666667
RP Singh,bowler,31.19514705882353,0.0,31.19514705882353,31.19514705882353,8.1,90.0,3.25,12.588235294117649,8.666666666666666,8.47
Mohit Sharma,allrounder,31.063187499999998,0.0,31.063187499999998,31.063187499999998,8.963750000000001,92.0,3.33,10.5,3.0,10.366666666666667
Jaydev Unadkat,allrounder,30.68330769230769,0.0,30.68330769230769,0.0,9.547692307692309,91.0,1.5,9.75,4.666666666666667,9.013333333333334
Ashish Nehra,bowler,30.263749999999995,0.0,30.263749999999995,30.263749999999995,8.175,87.0,2.5,12.0,13.0,8.063333333333334
Dhawal Kulkarni,bowler,29.760779411764705,0.0,29.760779411764705,29.760779411764705,8.607857142857144,86.0,3.0,12.117647058823527,2.0,9.633333333333333
Andre Russell,allrounder,29.7439,0.0,29.7439,0.0,9.446000000000002,89.0,3.0,9.0,11.333333333333334,9.823333333333332
Ishant Sharma,bowler,29.28776923076923,0.0,29.28776923076923,29.28776923076923,8.499230769230769,84.0,2.25,12.0,4.666666666666667,8.106666666666667
Pragyan Ojha,bowler,29.28713157894737,0.0,29.28713157894737,29.28713157894737,7.83,85.0,3.5,10.263157894736842,8.333333333333334,8.703333333333333
Albie Morkel,allrounder,29.206444444444447,0.0,29.206444444444447,29.206444444444447,8.657777777777778,85.0,3.0,10.933333333333334,3.0,10.05
Imran Tahir,bowler,28.802520833333332,0.0,28.802520833333332,28.802520833333332,7.52375,82.0,2.25,10.866666666666667,9.666666666666666,5.863333333333333
Irfan Pathan,allrounder,27.94152046783626,0.0,27.94152046783626,27.94152046783626,8.38888888888889,80.0,2.5,11.263157894736842,1.3333333333333333,9.76
Shardul Thakur,allrounder,27.90294444444444,0.0,27.90294444444444,0.0,9.51142857142857,82.0,2.75,10.22222222222222,15.333333333333334,9.026666666666666
Morne Morkel,allrounder,27.738392045454543,0.0,27.738392045454543,27.738392045454543,7.69875,77.0,2.75,13.727272727272728,10.666666666666666,7.783333333333334
Lakshmipathy Balaji,bowler,26.777857142857144,0.0,26.777857142857144,26.777857142857144,8.044285714285715,76.0,2.33,10.714285714285714,11.666666666666666,7.32
Munaf Patel,bowler,26.369794117647054,0.0,26.369794117647054,26.369794117647054,7.902857142857143,74.0,3.33,12.176470588235292,6.333333333333333,8.376666666666667
Mitchell McClenaghan,bowler,25.05510909090909,0.0,25.05510909090909,25.05510909090909,8.388000000000002,71.0,4.0,11.454545454545457,12.0,8.52
Ashok Dinda,bowler,24.04359117647059,0.0,24.04359117647059,24.04359117647059,8.741,68.0,3.0,10.764705882352942,4.0,10.623333333333331
Jacques Kallis,allrounder,23.587999999999997,0.0,23.587999999999997,23.587999999999997,7.927142857142856,65.0,1.5,10.4375,11.666666666666666,7.7799999999999985
Siddharth Trivedi,bowler,23.54832692307692,0.0,23.54832692307692,23.54832692307692,7.645,65.0,2.66,10.615384615384617,11.666666666666666,7.546666666666667
Muttiah Muralitharan,bowler,23.50357692307692,23.50357692307692,23.50357692307692,23.50357692307692,6.912857142857143,63.0,2.0,11.615384615384617,7.0,7.313333333333333
Kieron Pollard,allrounder,23.21925252525253,0.0,23.21925252525253,0.0,9.841818181818182,69.0,3.5,7.444444444444445,4.333333333333333,8.39
Mitchell Johnson,allrounder,22.75034523809524,0.0,22.75034523809524,22.75034523809524,8.631666666666666,61.0,2.0,13.857142857142858,3.6666666666666665,8.986666666666666
Shakib Al Hasan,allrounder,22.501169934640522,0.0,22.501169934640522,22.501169934640522,7.881111111111112,63.0,3.25,9.235294117647058,6.666666666666667,7.983333333333333
Krunal Pandya,allrounder,22.090530303030306,0.0,22.090530303030306,22.090530303030306,7.322857142857144,61.0,2.33,8.515151515151516,7.0,7.506666666666667
Deepak Chahar,bowler,22.033858974358974,0.0,22.033858974358974,22.033858974358974,8.246666666666668,59.0,3.25,13.538461538461538,16.0,7.81
Rajat Bhatia,allrounder,21.95446153846154,0.0,21.95446153846154,21.95446153846154,7.739999999999999,61.0,2.5,8.692307692307692,2.6666666666666665,8.073333333333332
Kuldeep Yadav,allrounder,21.66525,0.0,21.66525,21.66525,8.251666666666667,61.0,4.0,9.266666666666667,8.666666666666666,8.25
Mohammed Siraj,bowler,21.483807017543857,0.0,21.483807017543857,21.483807017543857,8.873333333333333,59.0,2.0,10.947368421052632,10.333333333333334,8.51
Shane Warne,allrounder,21.302541666666663,0.0,21.302541666666663,21.302541666666663,7.2475,57.0,3.25,11.133333333333333,12.666666666666666,7.076666666666667
Karn Sharma,allrounder,21.216680555555552,0.0,21.216680555555552,21.216680555555552,8.682500000000001,59.0,2.0,9.27777777777778,3.3333333333333335,9.893333333333333
James Faulkner,allrounder,21.113666666666667,0.0,21.113666666666667,21.113666666666667,8.437142857142858,59.0,4.0,9.833333333333334,5.333333333333333,9.69
Rahul Chahar,allrounder,21.000745454545452,0.0,21.000745454545452,21.000745454545452,7.617999999999999,57.0,3.25,10.272727272727272,14.0,7.753333333333333
Siddarth Kaul,bowler,20.299166666666665,0.0,20.299166666666665,0.0,9.62142857142857,58.0,4.0,9.333333333333334,5.0,11.063333333333333
Nathan Coulter-Nile,bowler,18.61109090909091,0.0,18.61109090909091,18.61109090909091,7.351428571428571,48.0,3.5,11.545454545454543,9.0,7.436666666666667
Jofra Archer,allrounder,18.396833333333333,0.0,18.396833333333333,18.396833333333333,7.223333333333333,46.0,3.75,13.4375,15.333333333333334,7.223333333333333
Hardik Pandya,allrounder,18.393439393939396,0.0,18.393439393939396,18.393439393939396,8.846666666666666,50.0,4.25,10.636363636363637,13.333333333333334,8.453333333333333
Prasidh Krishna,bowler,18.310899999999997,0.0,18.310899999999997,0.0,9.076,49.0,4.0,11.9375,11.666666666666666,8.92
Anil Kumble,bowler,18.247843137254904,18.247843137254904,18.247843137254904,18.247843137254904,6.736666666666667,45.0,1.57,11.705882352941176,15.0,6.736666666666667
Ryan Harris,allrounder,18.206200000000003,0.0,18.206200000000003,18.206200000000003,7.267999999999999,45.0,3.0,13.5,8.333333333333334,7.113333333333333
Shahbaz Nadeem,bowler,18.190951048951046,0.0,18.190951048951046,18.190951048951046,7.970909090909092,48.0,3.0,10.153846153846152,2.6666666666666665,9.03
Shreyas Gopal,allrounder,18.167125,0.0,18.167125,18.167125,8.9225,49.0,3.0,10.2,3.6666666666666665,10.623333333333331
Jason Holder,allrounder,17.59149358974359,0.0,17.59149358974359,17.59149358974359,8.911666666666667,49.0,4.75,8.615384615384615,14.666666666666666,8.496666666666668
Khaleel Ahmed,bowler,17.578481818181814,0.0,17.578481818181814,0.0,9.292,48.0,5.25,11.090909090909092,9.666666666666666,8.523333333333333
Avesh Khan,bowler,17.549442307692306,0.0,17.549442307692306,17.549442307692306,8.845,47.0,3.75,10.538461538461538,14.0,8.863333333333333
Mustafizur Rahman,bowler,17.4897,0.0,17.4897,17.4897,8.808,46.0,2.25,10.55,9.666666666666666,8.13
Shadab Jakati,bowler,17.36492857142857,0.0,17.36492857142857,17.36492857142857,8.768571428571429,47.0,4.25,9.857142857142858,0.6666666666666666,10.16
Varun Aaron,bowler,16.908555555555555,0.0,16.908555555555555,0.0,9.275555555555556,44.0,1.5,10.9,2.0,10.603333333333332
Anrich Nortje,bowler,16.869666666666667,0.0,16.869666666666667,16.869666666666667,8.086666666666668,43.0,3.0,11.25,14.333333333333334,8.086666666666668
Sreenath Aravind,bowler,16.855422222222224,0.0,16.855422222222224,0.0,9.548,45.0,3.5,11.11111111111111,8.0,7.913333333333334
Pat Cummins,allrounder,16.821801282051283,0.0,16.821801282051283,16.821801282051283,8.731666666666667,45.0,4.25,10.076923076923077,9.333333333333334,9.123333333333331
Tim Southee,allrounder,16.736081196581196,0.0,16.736081196581196,16.736081196581196,8.918888888888889,45.0,5.0,10.538461538461538,6.0,9.623333333333331
Shanthakumaran Sreesanth,bowler,16.42096666666667,0.0,16.42096666666667,16.42096666666667,8.202,40.0,2.5,13.333333333333334,5.0,8.013333333333334
Rahul Sharma,bowler,16.340655555555557,0.0,16.340655555555557,16.340655555555557,7.864,40.0,1.75,11.77777777777778,6.333333333333333,8.593333333333334
Varun Chakaravarthy,bowler,16.267492647058823,0.0,16.267492647058823,16.267492647058823,8.3975,42.0,3.25,10.470588235294118,13.666666666666666,7.31
Yusuf Pathan,allrounder,16.236583333333332,0.0,16.236583333333332,16.236583333333332,7.938333333333333,42.0,1.5,8.2,0.6666666666666666,8.416666666666666
Iqbal Abdulla,bowler,16.012722222222223,0.0,16.012722222222223,16.012722222222223,7.842222222222222,40.0,3.75,11.6,4.0,9.136666666666668
Moises Henriques,allrounder,15.9458125,0.0,15.9458125,15.9458125,8.12625,42.0,3.0,8.2,5.666666666666667,7.603333333333334
Andrew Tye,bowler,15.848600000000001,0.0,15.848600000000001,0.0,9.504,42.0,3.0,10.125,2.0,10.936666666666667
Doug Bollinger,bowler,15.700333333333333,0.0,15.700333333333333,15.700333333333333,7.463333333333334,37.0,3.25,13.5,12.333333333333334,7.463333333333334
Parvinder Awana,bowler,15.5825,0.0,15.5825,15.5825,8.65,39.0,3.0,11.8,13.0,8.65
Arshdeep Singh,bowler,15.169833333333331,0.0,15.169833333333331,15.169833333333331,8.91,40.0,3.5,9.066666666666666,12.333333333333334,8.246666666666668
Lockie Ferguson,bowler,14.8379,0.0,14.8379,14.8379,8.356,36.0,1.75,11.125,10.333333333333334,7.956666666666666
Ravi Bishnoi,bowler,14.767463768115942,0.0,14.767463768115942,14.767463768115942,7.383333333333333,37.0,3.25,8.695652173913043,12.333333333333334,7.383333333333333
Mitchell Starc,bowler,14.663749999999999,0.0,14.663749999999999,14.663749999999999,7.125,34.0,3.75,12.6,17.0,7.125
Dan Christian,allrounder,14.596888888888891,0.0,14.596888888888891,14.596888888888891,8.453333333333333,38.0,4.0,8.777777777777779,6.333333333333333,8.426666666666668
Manpreet Gony,bowler,14.528,0.0,14.528,0.0,10.312857142857142,37.0,2.75,12.25,3.3333333333333335,11.253333333333332
T Natarajan,bowler,14.511875,0.0,14.511875,14.511875,8.7875,38.0,2.75,8.0,12.0,8.693333333333333
Murugan Ashwin,bowler,13.995416666666667,0.0,13.995416666666667,13.995416666666667,7.941666666666666,35.0,3.5,9.0,6.666666666666667,8.043333333333333
Yuvraj Singh,allrounder,13.952466666666664,0.0,13.952466666666664,13.952466666666664,8.362,36.0,3.25,7.833333333333333,0.3333333333333333,10.31
Kevon Cooper,allrounder,13.854166666666668,0.0,13.854166666666668,13.854166666666668,7.666666666666667,33.0,3.75,11.0,11.0,7.666666666666667
Josh Hazlewood,bowler,13.594333333333335,0.0,13.594333333333335,13.594333333333335,7.623333333333332,32.0,4.25,11.5,10.666666666666666,7.623333333333332
Washington Sundar,allrounder,13.531555555555558,0.0,13.531555555555558,13.531555555555558,7.640000000000001,33.0,3.0,8.777777777777779,5.666666666666667,7.286666666666666
Pawan Negi,allrounder,13.471772727272727,0.0,13.471772727272727,13.471772727272727,8.73,34.0,4.0,9.636363636363637,6.666666666666667,9.166666666666666
Rahul Tewatia,allrounder,13.392454545454546,0.0,13.392454545454546,13.392454545454546,7.581428571428572,32.0,3.33,9.727272727272728,6.666666666666667,7.63
Amit Singh,bowler,13.289166666666667,0.0,13.289166666666667,13.289166666666667,7.466666666666666,28.0,2.25,14.2,9.333333333333334,7.466666666666666
Marcus Stoinis,allrounder,13.1485,0.0,13.1485,0.0,9.968571428571428,34.0,3.75,10.0,6.333333333333333,10.426666666666668
Murali Kartik,allrounder,13.116681818181817,0.0,13.116681818181817,13.116681818181817,7.861428571428571,31.0,3.0,10.090909090909092,4.666666666666667,8.676666666666666
Sam Curran,allrounder,12.995,0.0,12.995,0.0,9.3,32.0,4.0,11.25,10.666666666666666,9.3
Ajit Agarkar,allrounder,12.887416666666667,0.0,12.887416666666667,12.887416666666667,8.905,29.0,3.75,14.333333333333334,3.6666666666666665,9.03
Chris Woakes,bowler,12.769000000000002,0.0,12.769000000000002,12.769000000000002,8.86,30.0,3.0,11.6,10.0,8.86
Shivam Mavi,bowler,12.731361111111111,0.0,12.731361111111111,12.731361111111111,8.835,30.0,3.25,11.555555555555555,8.333333333333334,8.566666666666668
Brett Lee,allrounder,12.433083333333332,0.0,12.433083333333332,12.433083333333332,7.548333333333333,25.0,2.0,14.375,5.333333333333333,7.489999999999999
Wayne Parnell,bowler,12.327625,0.0,12.327625,12.327625,7.4925,26.0,3.0,13.0,5.666666666666667,7.57
Thisara Perera,allrounder,12.254749999999998,0.0,12.254749999999998,0.0,10.785000000000002,31.0,3.47,11.25,9.666666666666666,8.996666666666668
Sohail Tanvir,bowler,12.064,12.064,12.064,12.064,6.46,22.0,2.5,15.5,22.0,6.46
Azhar Mahmood,allrounder,11.683666666666666,0.0,11.683666666666666,0.0,9.63,29.0,4.75,10.333333333333334,9.666666666666666,9.63
Pravin Tambe,bowler,11.620553571428573,0.0,11.620553571428573,11.620553571428573,8.0025,28.0,5.0,8.857142857142858,9.0,8.003333333333332
Johan Botha,allrounder,11.589766666666668,11.589766666666668,11.589766666666668,11.589766666666668,6.934,25.0,3.0,9.833333333333334,5.0,7.293333333333334
Ben Stokes,allrounder,11.548366666666666,0.0,11.548366666666666,0.0,9.768,28.0,3.33,10.333333333333334,2.6666666666666665,11.160000000000002
Lungi Ngidi,bowler,11.543666666666667,0.0,11.543666666666667,11.543666666666667,8.946666666666667,25.0,2.5,12.75,8.333333333333334,8.946666666666667
Glenn Maxwell,allrounder,11.507272222222223,0.0,11.507272222222223,11.507272222222223,8.757,28.0,3.0,8.11111111111111,4.0,7.78
Chris Jordan,bowler,11.434000000000001,0.0,11.434000000000001,0.0,9.02,27.0,3.66,10.2,5.0,9.386666666666668
Moeen Ali,allrounder,11.24953333333333,0.0,11.24953333333333,11.24953333333333,7.098000000000001,24.0,2.33,9.416666666666666,5.0,7.123333333333332
Wanindu Hasaranga,bowler,11.218,0.0,11.218,11.218,8.77,26.0,3.75,10.25,13.0,8.77
Ankit Rajpoot,bowler,11.146083333333333,0.0,11.146083333333333,0.0,9.168333333333331,24.0,3.5,13.4,5.333333333333333,9.906666666666666
MF Maharoof,allrounder,11.12675,0.0,11.12675,11.12675,7.745,23.0,2.75,11.75,11.5,7.745
Umran Malik,bowler,11.11225,0.0,11.11225,11.11225,8.515,24.0,3.25,11.9,12.0,8.515
Ben Hilfenhaus,bowler,11.031416666666665,0.0,11.031416666666665,11.031416666666665,7.815,22.0,2.0,12.333333333333334,11.0,7.815
Shaun Tait,bowler,10.886499999999998,0.0,10.886499999999998,10.886499999999998,8.36,23.0,3.25,12.0,4.333333333333333,8.323333333333332
Harmeet Singh Bansal,bowler,10.860100000000001,0.0,10.860100000000001,10.860100000000001,7.914,25.0,5.0,9.4,4.666666666666667,7.973333333333334
Mitchell Marsh,allrounder,10.733083333333331,0.0,10.733083333333331,10.733083333333331,7.948333333333333,24.0,3.5,9.2,2.6666666666666665,7.5
Dwayne Smith,allrounder,10.714888888888888,0.0,10.714888888888888,0.0,9.195555555555556,26.0,2.0,7.166666666666667,3.6666666666666665,9.46
Suresh Raina,allrounder,10.681214285714287,0.0,10.681214285714287,10.681214285714287,7.869999999999999,25.0,3.0,6.928571428571429,0.3333333333333333,7.5666666666666655
Angelo Mathews,allrounder,10.614488095238096,0.0,10.614488095238096,0.0,9.361666666666666,27.0,4.25,7.142857142857143,4.0,9.046666666666669
Brad Hogg,bowler,10.592333333333334,0.0,10.592333333333334,10.592333333333334,8.01,23.0,4.25,10.666666666666666,4.333333333333333,8.34
JP Duminy,allrounder,10.55175,0.0,10.55175,10.55175,7.895,23.0,1.5,8.2,3.3333333333333335,9.086666666666666
Rishi Dhawan,allrounder,10.5512,0.0,10.5512,10.5512,8.068000000000001,24.0,3.5,8.5,3.0,8.456666666666667
Roelof van der Merwe,allrounder,10.515866666666668,10.515866666666668,10.515866666666668,10.515866666666668,6.537999999999999,21.0,3.75,10.333333333333334,3.3333333333333335,6.216666666666668
Dimitri Mascarenhas,bowler,10.5,0.0,10.5,10.5,7.0,19.0,5.0,15.0,3.6666666666666665,6.976666666666667
Daniel Vettori,bowler,10.316624999999998,10.316624999999998,10.316624999999998,10.316624999999998,6.952500000000001,21.0,3.5,9.875,6.333333333333333,7.0200000000000005
Brad Hodge,allrounder,10.239999999999998,0.0,10.239999999999998,10.239999999999998,7.35,17.0,3.25,16.0,2.6666666666666665,6.833333333333333
Adam Zampa,bowler,10.128166666666667,0.0,10.128166666666667,10.128166666666667,7.776666666666666,21.0,3.0,10.0,7.0,7.776666666666666
Pradeep Sangwan,bowler,9.757624999999999,0.0,9.757624999999999,0.0,9.9425,23.0,4.75,10.25,2.6666666666666665,8.923333333333334
Stuart Binny,allrounder,9.73465,0.0,9.73465,9.73465,8.801,22.0,1.5,7.2,1.6666666666666667,10.37
Dilhara Fernando,bowler,9.554499999999999,0.0,9.554499999999999,9.554499999999999,7.63,17.0,4.5,14.0,8.5,7.63
Chaminda Vaas,bowler,9.545000000000002,0.0,9.545000000000002,9.545000000000002,7.9,18.0,3.0,11.8,6.0,7.9
Navdeep Saini,bowler,9.288499999999999,0.0,9.288499999999999,0.0,10.39,20.0,4.5,13.0,3.0,11.096666666666666
Yo Mahesh,bowler,9.184166666666666,0.0,9.184166666666666,9.184166666666666,8.366666666666667,20.0,5.25,9.5,6.666666666666667,8.366666666666667
Kane Richardson,bowler,9.142500000000002,0.0,9.142500000000002,9.142500000000002,8.879999999999999,19.0,4.33,11.0,5.666666666666667,8.996666666666666
Ravi Rampaul,bowler,9.061,9.061,9.061,9.061,6.54,14.0,4.0,13.75,7.0,6.54
Mohsin Khan,bowler,9.028285714285714,9.028285714285714,9.028285714285714,9.028285714285714,5.96,14.0,4.0,12.571428571428571,14.0,5.96
Krishnappa Gowtham,allrounder,8.980625,0.0,8.980625,8.980625,8.7125,18.0,3.0,10.4,2.3333333333333335,9.016666666666667
Basil Thampi,bowler,8.8898,0.0,8.8898,0.0,10.172,22.0,6.0,8.75,2.0,10.053333333333333
Mujeeb Ur Rahman,bowler,8.82975,0.0,8.82975,8.82975,8.665,19.0,4.25,9.0,1.6666666666666667,9.223333333333334
Ishwar Pandey,bowler,8.792166666666667,0.0,8.792166666666667,0.0,9.086666666666668,18.0,5.25,11.8,6.0,9.086666666666668
Andrew Symonds,allrounder,8.717916666666667,0.0,8.717916666666667,0.0,9.675,20.0,3.75,8.333333333333334,6.666666666666667,7.973333333333334
Chris Gayle,allrounder,8.651006944444445,0.0,8.651006944444445,8.651006944444445,8.48125,18.0,1.5,7.222222222222222,0.6666666666666666,6.6000000000000005
Charl Langeveldt,bowler,8.6395,8.6395,8.6395,8.6395,6.46,13.0,3.33,12.5,4.333333333333333,6.46
Jagadeesha Suchith,bowler,8.532185714285715,0.0,8.532185714285715,0.0,9.666,19.0,4.66,9.571428571428571,3.0,8.063333333333333
Laxmi Ratan Shukla,allrounder,8.519666666666666,0.0,8.519666666666666,8.519666666666666,8.086666666666668,15.0,5.0,13.0,1.0,7.406666666666667
Yusuf Abdulla,bowler,8.49375,0.0,8.49375,0.0,9.125,15.0,4.75,14.5,7.5,9.125
Glenn McGrath,bowler,8.407928571428572,8.407928571428572,8.407928571428572,8.407928571428572,6.61,12.0,3.0,12.857142857142858,12.0,6.61
Dirk Nannes,bowler,8.3565,0.0,8.3565,8.3565,7.41,13.0,3.0,12.5,4.333333333333333,7.41
Alfonso Thomas,bowler,8.289250000000001,0.0,8.289250000000001,8.289250000000001,7.745,14.0,4.0,12.0,7.0,7.745
Mayank Markande,bowler,8.288374999999998,0.0,8.288374999999998,8.288374999999998,8.7475,17.0,5.0,10.0,0.6666666666666666,8.876666666666667
Shaun Pollock,allrounder,8.273499999999999,8.273499999999999,8.273499999999999,8.273499999999999,6.54,11.0,2.25,13.0,11.0,6.54
Chetan Sakariya,bowler,8.135666666666665,0.0,8.135666666666665,8.135666666666665,7.91,17.0,5.75,8.333333333333334,8.5,7.91
Barinder Sran,bowler,7.9935,0.0,7.9935,0.0,11.53,18.0,5.14,12.0,1.3333333333333333,12.55
Ajit Chandila,bowler,7.9635,7.9635,7.9635,7.9635,6.1899999999999995,11.0,3.0,11.4,5.5,6.1899999999999995
Sanath Jayasuriya,allrounder,7.9445,0.0,7.9445,7.9445,7.896666666666667,13.0,3.5,11.666666666666666,4.333333333333333,7.896666666666667
Bipul Sharma,allrounder,7.919,0.0,7.919,7.919,7.874285714285714,17.0,4.5,6.25,3.0,7.890000000000001
Mohammad Nabi,allrounder,7.897242857142858,0.0,7.897242857142858,7.897242857142858,7.564,13.0,2.75,10.285714285714286,3.3333333333333335,7.716666666666666
Anureet Singh,bowler,7.815799999999999,0.0,7.815799999999999,0.0,9.812,18.0,5.0,8.0,0.3333333333333333,10.22
Daniel Sams,bowler,7.795555555555556,0.0,7.795555555555556,7.795555555555556,8.266666666666667,14.0,4.0,10.444444444444445,4.666666666666667,8.266666666666667
Mukesh Choudhary,bowler,7.745666666666666,0.0,7.745666666666666,0.0,9.31,16.0,5.75,10.333333333333334,16.0,9.31
Ashish Reddy,allrounder,7.66,0.0,7.66,0.0,9.37,17.0,5.07,8.0,2.3333333333333335,9.666666666666666
Samuel Badree,bowler,7.586166666666667,0.0,7.586166666666667,7.586166666666667,7.646666666666666,11.0,2.25,11.5,3.6666666666666665,7.646666666666666
Ravi Bopara,allrounder,7.5155,0.0,7.5155,7.5155,7.169999999999999,11.0,4.5,12.0,3.6666666666666665,7.169999999999999
Umar Gul,bowler,7.478000000000001,0.0,7.478000000000001,7.478000000000001,8.17,12.0,5.75,13.0,12.0,8.17
Sandeep Lamichhane,bowler,7.3195,0.0,7.3195,7.3195,7.98,13.0,5.25,10.0,6.5,7.98
Alzarri Joseph,bowler,7.247583333333334,0.0,7.247583333333334,0.0,9.415,13.0,3.27,10.666666666666666,6.5,9.415
Ramesh Powar,bowler,7.158285714285714,0.0,7.158285714285714,7.158285714285714,8.16,13.0,4.0,8.571428571428571,1.6666666666666667,8.979999999999999
Ankeet Chavan,bowler,7.047,0.0,7.047,7.047,7.010000000000001,8.0,3.33,13.0,2.6666666666666665,7.010000000000001
David Wiese,allrounder,6.9885,0.0,6.9885,0.0,10.29,16.0,5.4,8.0,8.0,10.29
Rohit Sharma,allrounder,6.9753125,0.0,6.9753125,0.0,9.35625,15.0,3.0,6.0,0.3333333333333333,8.1
Mitchell Santner,bowler,6.9485,0.0,6.9485,6.9485,7.04,10.0,3.25,9.5,3.3333333333333335,7.04
Pankaj Singh,bowler,6.9432,0.0,6.9432,0.0,9.948,11.0,4.5,14.0,3.0,9.903333333333332
Ali Murtaza,bowler,6.938625,0.0,6.938625,6.938625,7.0825,9.0,3.75,11.4,2.0,6.916666666666667
Sachithra Senanayake,bowler,6.872833333333333,6.872833333333333,6.872833333333333,6.872833333333333,6.53,9.0,4.5,10.666666666666666,9.0,6.53
Ankit Sharma,bowler,6.832,0.0,6.832,0.0,9.065714285714286,12.0,4.5,10.4,0.3333333333333333,11.543333333333331
Shane Bond,bowler,6.823,0.0,6.823,6.823,7.22,9.0,5.0,12.0,9.0,7.22
Vikram Singh,bowler,6.812,0.0,6.812,6.812,8.93,12.0,3.75,9.5,6.0,8.93
Ish Sodhi,bowler,6.781666666666666,0.0,6.781666666666666,6.781666666666666,7.6,9.0,3.5,11.333333333333334,4.5,7.6
Riley Meredith,bowler,6.729,0.0,6.729,0.0,9.18,12.0,5.72,11.0,6.0,9.18
Shahbaz Ahmed,allrounder,6.719047619047618,0.0,6.719047619047618,6.719047619047618,7.833333333333333,13.0,3.5,5.428571428571429,4.333333333333333,7.833333333333333
Maheesh Theekshana,bowler,6.6674999999999995,0.0,6.6674999999999995,6.6674999999999995,7.45,12.0,6.0,7.875,12.0,7.45
Mohammad Asif,bowler,6.6499999999999995,0.0,6.6499999999999995,0.0,9.25,8.0,4.75,16.0,8.0,9.25
Darren Sammy,allrounder,6.6434999999999995,0.0,6.6434999999999995,0.0,9.02,11.0,3.33,10.0,3.6666666666666665,9.02
Karanveer Singh,bowler,6.603249999999999,0.0,6.603249999999999,0.0,9.705,12.0,4.0,10.0,6.0,9.705
Sourav Ganguly,allrounder,6.544958333333333,0.0,6.544958333333333,6.544958333333333,8.682500000000001,10.0,2.33,9.666666666666666,1.3333333333333333,9.443333333333332
Kartik Tyagi,bowler,6.507333333333334,0.0,6.507333333333334,0.0,9.443333333333332,14.0,9.25,10.0,4.666666666666667,9.443333333333332
Jayant Yadav,bowler,6.4677500000000006,6.4677500000000006,6.4677500000000006,6.4677500000000006,6.5683333333333325,8.0,4.0,9.833333333333334,1.3333333333333333,6.973333333333334
Raiphi Gomez,bowler,6.4544999999999995,0.0,6.4544999999999995,6.4544999999999995,6.63,5.0,3.5,14.0,2.5,6.63
James Pattinson,bowler,6.4464999999999995,0.0,6.4464999999999995,0.0,9.01,11.0,6.0,11.0,11.0,9.01
Jimmy Neesham,bowler,6.364999999999999,0.0,6.364999999999999,0.0,9.1,8.0,3.0,13.0,2.6666666666666665,9.1
Billy Stanlake,bowler,6.360250000000001,0.0,6.360250000000001,6.360250000000001,8.434999999999999,7.0,5.25,15.0,3.5,8.434999999999999
Makhaya Ntini,bowler,6.2940000000000005,6.2940000000000005,6.2940000000000005,6.2940000000000005,6.91,7.0,5.25,12.0,7.0,6.91
Dushmantha Chameera,bowler,6.273,0.0,6.273,6.273,8.72,9.0,3.5,10.75,9.0,8.72
Ajantha Mendis,bowler,6.18225,0.0,6.18225,6.18225,7.015,8.0,3.75,9.0,2.3333333333333335,7.353333333333333
Mohammad Hafeez,bowler,6.12,0.0,6.12,6.12,4.8,1.0,2.0,14.0,1.0,4.8
Jesse Ryder,allrounder,6.097499999999999,0.0,6.097499999999999,6.097499999999999,8.15,8.0,3.0,10.0,2.6666666666666665,8.15
Carlos Brathwaite,allrounder,6.096500000000001,0.0,6.096500000000001,0.0,9.51,13.0,4.5,6.0,2.0,10.02
Harpreet Brar,allrounder,6.084125,0.0,6.084125,6.084125,8.7525,9.0,4.75,10.8,3.0,8.469999999999999
KP Appanna,bowler,6.077333333333333,0.0,6.077333333333333,6.077333333333333,7.743333333333333,9.0,4.75,9.0,3.0,7.743333333333333
Ryan McLaren,allrounder,6.067833333333334,0.0,6.067833333333334,0.0,10.413333333333334,12.0,5.25,9.5,4.0,10.413333333333334
Marlon Samuels,allrounder,6.033,0.0,6.033,0.0,9.12,9.0,2.5,9.5,3.0,9.12
Yash Dayal,bowler,6.029166666666667,0.0,6.029166666666667,0.0,9.25,11.0,6.0,9.333333333333334,11.0,9.25
Marco Jansen,bowler,6.026999999999999,0.0,6.026999999999999,6.026999999999999,8.030000000000001,9.0,6.25,10.375,4.5,8.030000000000001
Dominic Thornely,bowler,5.952,0.0,5.952,5.952,5.71,3.0,2.33,12.0,3.0,5.71
Obed McCoy,bowler,5.9405,0.0,5.9405,0.0,9.17,11.0,5.0,8.0,11.0,9.17
Kamran Khan,bowler,5.862500000000001,0.0,5.862500000000001,0.0,10.5,9.0,3.75,12.0,3.0,10.5
Keemo Paul,bowler,5.810499999999999,0.0,5.810499999999999,5.810499999999999,8.72,9.0,4.25,9.0,9.0,8.72
Vikramjeet Malik,bowler,5.7801,0.0,5.7801,5.7801,7.774000000000001,6.0,4.66,12.0,1.0,7.353333333333334
Shahid Afridi,bowler,5.658333333333333,0.0,5.658333333333333,5.658333333333333,7.5,9.0,5.0,6.666666666666667,9.0,7.5
Shoaib Akhtar,bowler,5.6525,0.0,5.6525,5.6525,7.71,5.0,3.66,12.0,5.0,7.71
Adam Milne,bowler,5.651000000000001,0.0,5.651000000000001,0.0,9.89,7.0,5.25,14.0,2.3333333333333335,9.89
Jason Behrendorff,bowler,5.637,0.0,5.637,5.637,8.68,5.0,5.5,15.0,5.0,8.68
Paul Collingwood,allrounder,5.6075,0.0,5.6075,5.6075,6.8,5.0,4.75,11.0,5.0,6.8
Simarjeet Singh,bowler,5.594,0.0,5.594,5.594,7.66,4.0,5.5,14.5,4.0,7.66
Sheldon Cottrell,bowler,5.57,0.0,5.57,5.57,8.8,6.0,5.0,13.0,6.0,8.8
Deepak Hooda,allrounder,5.5670625000000005,0.0,5.5670625000000005,0.0,9.15125,10.0,5.0,7.6,1.0,9.416666666666666
Lalit Yadav,allrounder,5.543,0.0,5.543,5.543,7.77,8.0,4.25,7.5,4.0,7.77
Virender Sehwag,allrounder,5.540875000000001,0.0,5.540875000000001,0.0,9.0975,6.0,4.5,13.0,1.0,8.1
John Hastings,bowler,5.50075,0.0,5.50075,5.50075,7.605,3.0,2.25,13.0,1.5,7.605
Aniket Choudhary,bowler,5.47,0.0,5.47,5.47,8.55,5.0,4.25,13.0,5.0,8.55
Juan Theron,bowler,5.4245,0.0,5.4245,5.4245,8.68,9.0,4.25,7.0,3.0,8.68
Shoaib Ahmed,bowler,5.421,0.0,5.421,5.421,8.94,5.0,5.0,14.0,5.0,8.94
Tirumalasetti Suman,allrounder,5.4098749999999995,0.0,5.4098749999999995,5.4098749999999995,8.7575,6.0,3.5,11.0,0.3333333333333333,9.276666666666666
Scott Styris,allrounder,5.3776666666666655,0.0,5.3776666666666655,0.0,9.456666666666669,8.0,4.75,10.0,2.6666666666666665,9.456666666666669
Nuwan Kulasekara,bowler,5.37275,0.0,5.37275,5.37275,7.685,5.0,4.25,11.0,2.5,7.685
Anand Rajan,bowler,5.371333333333333,0.0,5.371333333333333,5.371333333333333,8.153333333333334,8.0,4.5,7.5,2.6666666666666665,8.153333333333334
Syed Mohammad,bowler,5.318666666666666,0.0,5.318666666666666,5.318666666666666,8.946666666666667,8.0,5.0,9.0,2.6666666666666665,8.946666666666667
Ben Cutting,allrounder,5.2410000000000005,0.0,5.2410000000000005,0.0,9.6,10.0,4.66,6.5,1.3333333333333333,11.03
Kevin Pietersen,allrounder,5.210666666666667,0.0,5.210666666666667,5.210666666666667,7.686666666666667,7.0,4.66,7.5,2.3333333333333335,7.686666666666667
Abhishek Nayar,allrounder,5.1911000000000005,0.0,5.1911000000000005,0.0,9.884,9.0,4.33,8.0,1.3333333333333333,10.903333333333334
Tymal Mills,bowler,5.133,0.0,5.133,0.0,9.87,11.0,8.75,8.0,5.5,9.87
Shivil Kaushik,bowler,5.131,0.0,5.131,5.131,8.34,6.0,5.0,10.0,6.0,8.34
Domnic Joseph,bowler,5.084833333333333,0.0,5.084833333333333,5.084833333333333,7.21,4.0,3.5,9.666666666666666,4.0,7.21
Tillakaratne Dilshan,allrounder,5.0776,0.0,5.0776,5.0776,8.314,5.0,4.75,11.0,0.3333333333333333,10.0
Abhishek Sharma,allrounder,4.991666666666667,0.0,4.991666666666667,4.991666666666667,8.666666666666666,7.0,4.5,8.0,2.3333333333333335,8.666666666666666
Nayan Doshi,bowler,4.98525,0.0,4.98525,4.98525,7.935,2.0,4.25,14.0,1.0,7.935
Sudeep Tyagi,bowler,4.941750000000001,0.0,4.941750000000001,4.941750000000001,8.594999999999999,6.0,4.0,8.75,3.0,8.594999999999999
Abu Nechim,bowler,4.8972500000000005,0.0,4.8972500000000005,4.8972500000000005,8.365,7.0,4.5,7.0,2.3333333333333335,8.32
Vijay Shankar,allrounder,4.8571333333333335,0.0,4.8571333333333335,0.0,10.932,9.0,5.0,8.666666666666666,2.6666666666666665,8.020000000000001
Kumar Kartikeya Singh,bowler,4.8435,0.0,4.8435,4.8435,7.84,5.0,4.75,9.0,5.0,7.84
Nathan Ellis,bowler,4.819,0.0,4.819,4.819,8.66,4.0,5.0,12.0,2.0,8.66
Nathu Singh,bowler,4.762499999999999,0.0,4.762499999999999,4.762499999999999,3.75,1.0,3.5,6.5,1.0,3.75
Corey Anderson,allrounder,4.76,0.0,4.76,0.0,10.4,11.0,6.0,5.0,2.3333333333333335,10.46
Ankit Soni,bowler,4.728,0.0,4.728,4.728,7.92,2.0,4.0,12.5,2.0,7.92
Balachandra Akhil,bowler,4.7250000000000005,0.0,4.7250000000000005,4.7250000000000005,8.0,6.0,4.5,7.0,1.3333333333333333,8.09
Sai Kishore,bowler,4.6706666666666665,0.0,4.6706666666666665,4.6706666666666665,7.56,6.0,5.0,6.333333333333333,6.0,7.56
Colin de Grandhomme,allrounder,4.629833333333333,0.0,4.629833333333333,0.0,9.343333333333334,6.0,4.0,8.5,2.0,9.343333333333334
Gurkeerat Mann Singh,allrounder,4.612,0.0,4.612,4.612,7.54,5.0,5.66,8.0,2.5,7.54
Parveez Rasool,bowler,4.604875,0.0,4.604875,4.604875,7.5575,4.0,5.0,9.0,1.0,8.21
Paidikalva Vijaykumar,bowler,4.6035,0.0,4.6035,4.6035,7.85,4.0,5.66,10.0,4.0,7.85
David Hussey,allrounder,4.582999999999999,0.0,4.582999999999999,0.0,9.691428571428572,8.0,3.5,5.5,1.6666666666666667,9.56
Beuran Hendricks,bowler,4.521,0.0,4.521,0.0,9.44,9.0,4.5,4.0,4.5,9.44
Liam Plunkett,bowler,4.5125,0.0,4.5125,0.0,9.0,4.0,4.25,10.5,4.0,9.0
James Hopes,allrounder,4.48875,0.0,4.48875,0.0,9.175,14.0,0.0,0.0,7.0,9.175
Bhargav Bhatt,bowler,4.433,0.0,4.433,4.433,7.62,12.0,0.0,0.0,4.0,7.62
Shalabh Srivastava,bowler,4.4205000000000005,0.0,4.4205000000000005,0.0,9.37,14.0,0.0,0.0,7.0,9.37
Kuldeep Sen,bowler,4.327333333333334,0.0,4.327333333333334,0.0,9.41,8.0,8.75,7.666666666666667,8.0,9.41
JM Kemp,bowler,4.324,0.0,4.324,4.324,7.36,3.0,4.0,8.0,3.0,7.36
Nitish Rana,allrounder,4.310900000000001,0.0,4.310900000000001,4.310900000000001,7.325999999999999,7.0,5.5,3.0,1.0,8.833333333333334
Pradeep Sahu,bowler,4.306,0.0,4.306,4.306,8.34,3.0,4.5,10.0,3.0,8.34
Ashok Menaria,allrounder,4.231999999999999,0.0,4.231999999999999,4.231999999999999,7.48,3.0,5.0,8.5,1.5,7.48
Shivam Dube,allrounder,4.2005,0.0,4.2005,4.2005,7.57,4.0,5.0,7.0,1.3333333333333333,7.57
David Willey,bowler,4.193,0.0,4.193,4.193,8.02,3.0,6.0,10.0,1.5,8.02
P Parameswaran,bowler,4.1535,0.0,4.1535,4.1535,8.74,4.0,5.25,9.0,4.0,8.74
Venugopal Rao,allrounder,3.988583333333334,0.0,3.988583333333334,0.0,10.318333333333332,6.0,4.0,7.0,0.0,11.333333333333334
Hrithik Shokeen,bowler,3.9764999999999997,0.0,3.9764999999999997,3.9764999999999997,8.46,2.0,5.75,11.0,2.0,8.46
Prashant Solanki,bowler,3.9095000000000004,0.0,3.9095000000000004,3.9095000000000004,6.33,2.0,4.5,6.0,2.0,6.33
Jaskaran Singh,bowler,3.8985000000000003,0.0,3.8985000000000003,0.0,10.29,6.0,6.0,8.0,3.0,10.29
Hanuma Vihari,allrounder,3.84225,0.0,3.84225,3.84225,7.665,1.0,2.5,8.0,0.5,7.665
Shikhar Dhawan,allrounder,3.8345,0.0,3.8345,3.8345,7.33,4.0,4.0,4.0,2.0,7.33
Kamlesh Nagarkoti,bowler,3.8335,0.0,3.8335,0.0,10.69,5.0,5.5,9.5,2.5,10.69
Tabraiz Shamsi,bowler,3.8185,0.0,3.8185,3.8185,8.84,3.0,5.25,9.0,1.5,8.84
D'Arcy Short,allrounder,3.8095,0.0,3.8095,3.8095,6.33,1.0,4.5,7.0,1.0,6.33
Mithun Manhas,allrounder,3.801,0.0,3.801,3.801,6.0,0.0,4.66,8.0,0.0,6.0
Vaibhav Arora,bowler,3.7626666666666666,0.0,3.7626666666666666,0.0,9.19,3.0,5.25,9.333333333333334,3.0,9.19
KC Cariappa,bowler,3.712458333333333,0.0,3.712458333333333,0.0,12.2025,8.0,5.0,6.666666666666667,2.3333333333333335,11.603333333333332
Andrew Flintoff,bowler,3.712,0.0,3.712,0.0,9.54,2.0,3.66,10.0,2.0,9.54
Akash Deep,bowler,3.675333333333333,0.0,3.675333333333333,0.0,10.88,5.0,5.0,8.666666666666666,5.0,10.88
Andrew McDonald,allrounder,3.6543749999999995,0.0,3.6543749999999995,3.6543749999999995,8.9875,11.0,0.0,0.0,2.0,8.700000000000001
Liam Livingstone,allrounder,3.651,0.0,3.651,0.0,10.89,6.0,6.25,8.0,3.0,10.89
Tom Curran,allrounder,3.6421666666666668,0.0,3.6421666666666668,0.0,10.736666666666666,13.0,0.0,0.0,4.333333333333333,10.736666666666666
Dwaine Pretorius,bowler,3.625,0.0,3.625,0.0,10.0,6.0,7.5,7.25,6.0,10.0
Joginder Sharma,bowler,3.576374999999999,0.0,3.576374999999999,0.0,10.0675,12.0,0.0,0.0,1.3333333333333333,10.196666666666667
Anukul Roy,bowler,3.53875,0.0,3.53875,3.53875,6.675,2.0,5.5,5.5,1.0,6.675
Veer Pratap Singh,bowler,3.455,0.0,3.455,3.455,8.7,10.0,0.0,0.0,10.0,8.7
Michael Clarke,bowler,3.3935000000000004,0.0,3.3935000000000004,3.3935000000000004,6.09,2.0,4.5,3.0,2.0,6.09
Thilan Thushara,bowler,3.3694999999999995,0.0,3.3694999999999995,3.3694999999999995,7.23,8.0,0.0,0.0,4.0,7.23
Shrikant Wagh,bowler,3.3020000000000005,0.0,3.3020000000000005,0.0,11.78,5.0,4.5,8.0,2.5,11.78
Fabian Allen,bowler,3.231,0.0,3.231,0.0,9.84,2.0,5.5,9.5,1.0,9.84
Tyron Henderson,bowler,3.219,0.0,3.219,3.219,6.66,1.0,5.0,5.0,1.0,6.66
Wilkin Mota,bowler,3.11525,0.0,3.11525,0.0,9.385,4.0,4.0,4.0,2.0,9.385
James Franklin,allrounder,3.08675,0.0,3.08675,3.08675,8.895,9.0,0.0,0.0,4.5,8.895
Romario Shepherd,bowler,3.0545,0.0,3.0545,0.0,10.88,3.0,8.25,11.0,3.0,10.88
Ben Laughlin,bowler,2.9685,0.0,2.9685,0.0,10.09,10.0,0.0,0.0,5.0,10.09
Tushar Deshpande,bowler,2.94925,0.0,2.94925,0.0,10.145,4.0,10.0,9.0,2.0,10.145
Odean Smith,bowler,2.949,0.0,2.949,0.0,11.86,6.0,13.0,9.0,6.0,11.86
Abhishek Jhunjhunwala,allrounder,2.9243333333333337,0.0,2.9243333333333337,0.0,9.503333333333332,1.0,4.33,8.0,0.3333333333333333,9.503333333333332
Kyle Jamieson,bowler,2.84,0.0,2.84,0.0,9.6,9.0,0.0,0.0,9.0,9.6
Fazalhaq Farooqi,bowler,2.8314999999999997,0.0,2.8314999999999997,0.0,9.16,2.0,7.75,8.0,2.0,9.16
Jacob Oram,allrounder,2.7533749999999997,0.0,2.7533749999999997,0.0,9.8475,9.0,0.0,0.0,2.0,10.026666666666666
Rajagopal Sathish,allrounder,2.7198749999999996,0.0,2.7198749999999996,0.0,10.1575,3.0,5.5,6.0,0.3333333333333333,10.17
Suraj Randiv,bowler,2.612,0.0,2.612,2.612,7.68,6.0,0.0,0.0,6.0,7.68
Harry Gurney,bowler,2.5164999999999997,0.0,2.5164999999999997,2.5164999999999997,8.81,7.0,0.0,0.0,7.0,8.81
Isuru Udana,bowler,2.4979999999999998,0.0,2.4979999999999998,0.0,9.72,8.0,0.0,0.0,8.0,9.72
Sunil Joshi,bowler,2.4210000000000003,0.0,2.4210000000000003,2.4210000000000003,8.94,1.0,5.0,5.0,1.0,8.94
Sachin Baby,allrounder,2.42,0.0,2.42,2.42,4.8,2.0,0.0,0.0,2.0,4.8
Oshane Thomas,bowler,2.235,0.0,2.235,2.235,7.9,5.0,0.0,0.0,5.0,7.9
Hardus Viljoen,bowler,2.2225,0.0,2.2225,0.0,9.65,7.0,0.0,0.0,7.0,9.65
Ayush Badoni,allrounder,2.175,0.0,2.175,2.175,5.5,2.0,0.0,0.0,2.0,5.5
Ramandeep Singh,bowler,2.15,0.0,2.15,0.0,9.0,6.0,0.0,0.0,6.0,9.0
Ajinkya Rahane,allrounder,2.05,0.0,2.05,2.05,5.0,1.0,0.0,0.0,1.0,5.0
Rohan Raje,bowler,1.9907499999999998,0.0,1.9907499999999998,0.0,9.455,6.0,0.0,0.0,3.0,9.455
Adam Voges,allrounder,1.9710000000000003,0.0,1.9710000000000003,1.9710000000000003,8.44,0.0,4.5,3.0,0.0,8.44
Marchant de Lange,bowler,1.9433333333333336,0.0,1.9433333333333336,1.9433333333333336,8.733333333333333,5.0,0.0,0.0,1.6666666666666667,8.733333333333333
Dillon du Preez,bowler,1.9,0.0,1.9,1.9,8.0,4.0,0.0,0.0,4.0,8.0
Abhimanyu Mithun,bowler,1.8767,0.0,1.8767,0.0,10.638,7.0,0.0,0.0,2.0,9.896666666666668
Palani Amarnath,bowler,1.8479999999999999,0.0,1.8479999999999999,0.0,10.72,7.0,0.0,0.0,7.0,10.72
Shane Harwood,bowler,1.8449999999999998,0.0,1.8449999999999998,1.8449999999999998,7.3,3.0,0.0,0.0,3.0,7.3
Karan Goel,allrounder,1.8110000000000004,0.0,1.8110000000000004,0.0,9.04,0.0,5.5,4.0,0.0,9.04
Ryan ten Doeschate,allrounder,1.7199999999999998,0.0,1.7199999999999998,1.7199999999999998,6.8,2.0,0.0,0.0,0.3333333333333333,6.333333333333333
SS Mundhe,bowler,1.7,0.0,1.7,1.7,6.0,1.0,0.0,0.0,1.0,6.0
Lee Carseldine,bowler,1.7,0.0,1.7,1.7,6.0,1.0,0.0,0.0,1.0,6.0
Sanjay Bangar,bowler,1.634,0.0,1.634,1.634,8.76,4.0,0.0,0.0,4.0,8.76
Chetanya Nanda,bowler,1.608,0.0,1.608,1.608,7.12,2.0,0.0,0.0,2.0,7.12
Doug Bracewell,bowler,1.5999999999999999,0.0,1.5999999999999999,1.5999999999999999,8.0,3.0,0.0,0.0,3.0,8.0
Sachin Rana,bowler,1.575,0.0,1.575,1.575,5.5,0.0,0.0,0.0,0.0,5.5
Venkatesh Iyer,allrounder,1.5615,0.0,1.5615,1.5615,8.11,3.0,0.0,0.0,3.0,8.11
Sarabjit Ladda,bowler,1.5411249999999999,0.0,1.5411249999999999,0.0,9.8825,5.0,0.0,0.0,0.3333333333333333,10.0
Murali Vijay,allrounder,1.5338333333333334,0.0,1.5338333333333334,0.0,9.333333333333334,0.0,5.33,3.0,0.0,9.333333333333334
Aavishkar Salvi,bowler,1.5124999999999997,0.0,1.5124999999999997,1.5124999999999997,8.25,3.0,0.0,0.0,3.0,8.25
Sumit Narwal,bowler,1.4474999999999998,0.0,1.4474999999999998,0.0,10.15,5.0,0.0,0.0,2.5,10.15
Matheesha Pathirana,bowler,1.44,0.0,1.44,1.44,7.6,2.0,0.0,0.0,2.0,7.6
Graham Napier,bowler,1.4375,0.0,1.4375,1.4375,6.75,1.0,0.0,0.0,1.0,6.75
Aditya Dole,bowler,1.437,0.0,1.437,0.0,10.18,5.0,0.0,0.0,5.0,10.18
Paul Valthaty,allrounder,1.4315000000000002,0.0,1.4315000000000002,0.0,11.91,7.0,0.0,0.0,3.5,11.91
Scott Boland,bowler,1.4015,0.0,1.4015,1.4015,7.71,2.0,0.0,0.0,2.0,7.71
Rahul Shukla,bowler,1.374,0.0,1.374,0.0,10.36,5.0,0.0,0.0,1.6666666666666667,10.36
Robin Peterson,bowler,1.3375,0.0,1.3375,1.3375,8.75,3.0,0.0,0.0,3.0,8.75
Virat Kohli,allrounder,1.3035,0.0,1.3035,0.0,9.704285714285714,4.0,0.0,0.0,0.0,11.593333333333334
Nathan Rimmington,bowler,1.2845,0.0,1.2845,1.2845,6.33,0.0,0.0,0.0,0.0,6.33
Jeevan Mendis,bowler,1.2799999999999998,0.0,1.2799999999999998,1.2799999999999998,7.2,1.0,0.0,0.0,1.0,7.2
George Garton,bowler,1.25,0.0,1.25,0.0,9.0,3.0,0.0,0.0,3.0,9.0
Sean Abbott,bowler,1.1487500000000004,0.0,1.1487500000000004,0.0,11.575,1.0,11.75,7.0,0.5,11.575
Nathan McCullum,bowler,1.1199999999999999,0.0,1.1199999999999999,1.1199999999999999,6.8,0.0,0.0,0.0,0.0,6.8
Aaron Finch,allrounder,1.1131666666666666,0.0,1.1131666666666666,1.1131666666666666,7.676666666666667,1.0,0.0,0.0,0.3333333333333333,7.676666666666667
Sandeep Warrier,bowler,1.0771666666666666,0.0,1.0771666666666666,1.0771666666666666,8.636666666666667,2.0,0.0,0.0,0.6666666666666666,8.636666666666667
KM Asif,bowler,1.0599999999999998,0.0,1.0599999999999998,0.0,10.4,4.0,0.0,0.0,2.0,10.4
Mahipal Lomror,allrounder,1.0507499999999999,0.0,1.0507499999999999,1.0507499999999999,7.855,1.0,0.0,0.0,0.5,7.855
Y Gnaneswara Rao,bowler,1.0499999999999998,0.0,1.0499999999999998,1.0499999999999998,7.0,0.0,0.0,0.0,0.0,7.0
Kulwant Khejroliya,bowler,1.02775,0.0,1.02775,0.0,9.635,3.0,0.0,0.0,1.5,9.635
Scott Kuggeleijn,bowler,0.9955000000000003,0.0,0.9955000000000003,0.9955000000000003,8.87,2.0,0.0,0.0,2.0,8.87
Sachin Tendulkar,allrounder,0.9939999999999999,0.0,0.9939999999999999,0.0,9.66,0.0,5.5,1.0,0.0,9.66
Nuwan Zoysa,bowler,0.95,0.0,0.95,0.0,9.0,2.0,0.0,0.0,2.0,9.0
Ripal Patel,bowler,0.9344999999999999,0.0,0.9344999999999999,0.9344999999999999,7.33,0.0,0.0,0.0,0.0,7.33
Ambati Rayudu,allrounder,0.9344999999999999,0.0,0.9344999999999999,0.9344999999999999,7.33,0.0,0.0,0.0,0.0,7.33
Aiden Markram,allrounder,0.92825,0.0,0.92825,0.92825,8.205,1.0,0.0,0.0,0.5,8.205
Gajendra Singh,bowler,0.8754999999999998,0.0,0.8754999999999998,0.0,10.07,3.0,0.0,0.0,3.0,10.07
Colin Munro,allrounder,0.875,0.0,0.875,0.875,7.5,0.0,0.0,0.0,0.0,7.5
PM Sarvesh Kumar,bowler,0.8599999999999999,0.0,0.8599999999999999,0.8599999999999999,8.4,1.0,0.0,0.0,1.0,8.4
Harmeet Singh,bowler,0.825,0.0,0.825,0.825,8.5,1.0,0.0,0.0,1.0,8.5
Pawan Suyal,bowler,0.814666666666666,0.0,0.814666666666666,0.0,9.386666666666668,2.0,0.0,0.0,0.6666666666666666,9.386666666666668
Shivam Sharma,bowler,0.8115000000000001,0.0,0.8115000000000001,0.0,11.11,4.0,0.0,0.0,2.0,11.11
Clint McKay,bowler,0.8004999999999998,0.0,0.8004999999999998,0.8004999999999998,8.57,1.0,0.0,0.0,1.0,8.57
Sherfane Rutherford,allrounder,0.7794999999999996,0.0,0.7794999999999996,0.7794999999999996,8.63,1.0,0.0,0.0,1.0,8.63
Kuldip Yadav,bowler,0.7,0.0,0.7,0.7,8.0,0.0,0.0,0.0,0.0,8.0
Rohan Gavaskar,bowler,0.7,0.0,0.7,0.7,8.0,0.0,0.0,0.0,0.0,8.0
Suryakumar Yadav,allrounder,0.7,0.0,0.7,0.7,8.0,0.0,0.0,0.0,0.0,8.0
Abhishek Raut,allrounder,0.7,0.0,0.7,0.7,8.0,0.0,0.0,0.0,0.0,8.0
Jhye Richardson,bowler,0.6794999999999997,0.0,0.6794999999999997,0.0,10.63,3.0,0.0,0.0,3.0,10.63
Johan van der Wath,bowler,0.6375,0.0,0.6375,0.0,10.75,3.0,0.0,0.0,3.0,10.75
Ryan Ninan,bowler,0.6094999999999999,0.0,0.6094999999999999,0.0,10.83,3.0,0.0,0.0,3.0,10.83
Siddharth Chitnis,bowler,0.6,0.0,0.6,0.0,10.0,2.0,0.0,0.0,2.0,10.0
Shoaib Malik,bowler,0.6,0.0,0.6,0.0,10.0,2.0,0.0,0.0,2.0,10.0
Swapnil Singh,bowler,0.5852499999999998,0.0,0.5852499999999998,0.0,9.185,1.0,0.0,0.0,0.5,9.185
Dwaraka Ravi Teja,allrounder,0.5625,0.0,0.5625,0.0,9.25,1.0,0.0,0.0,0.5,9.25
Travis Head,allrounder,0.5580000000000003,0.0,0.5580000000000003,0.0,10.12,2.0,0.0,0.0,2.0,10.12
Love Ablish,bowler,0.5499999999999999,0.0,0.5499999999999999,0.0,11.0,3.0,0.0,0.0,1.5,11.0
Chris Green,bowler,0.5354999999999998,0.0,0.5354999999999998,0.5354999999999998,8.47,0.0,0.0,0.0,0.0,8.47
Musavir Khote,bowler,0.5300000000000002,0.0,0.5300000000000002,0.0,10.2,2.0,0.0,0.0,2.0,10.2
Daniel Harris,allrounder,0.4689999999999999,0.0,0.4689999999999999,0.4689999999999999,8.66,0.0,0.0,0.0,0.0,8.66
Krishmar Santokie,bowler,0.4624999999999999,0.0,0.4624999999999999,0.0,11.25,3.0,0.0,0.0,3.0,11.25
Riyan Parag,allrounder,0.43700000000000006,0.0,0.43700000000000006,0.0,12.18,4.0,0.0,0.0,0.6666666666666666,13.36
Ishan Porel,bowler,0.38749999999999996,0.0,0.38749999999999996,0.0,9.75,1.0,0.0,0.0,1.0,9.75
Krishnakant Upadhyay,bowler,0.37624999999999975,0.0,0.37624999999999975,0.37624999999999975,8.925,0.0,0.0,0.0,0.0,8.925
Jalaj Saxena,bowler,0.35,0.0,0.35,0.0,9.0,0.0,0.0,0.0,0.0,9.0
Pravin Dubey,bowler,0.35,0.0,0.35,0.0,9.0,0.0,0.0,0.0,0.0,9.0
Dinesh Salunkhe,bowler,0.3175000000000002,0.0,0.3175000000000002,0.0,9.95,1.0,0.0,0.0,1.0,9.95
Ashley Noffke,bowler,0.3,0.0,0.3,0.0,10.0,1.0,0.0,0.0,1.0,10.0
Glenn Phillips,bowler,0.3,0.0,0.3,0.0,10.0,1.0,0.0,0.0,1.0,10.0
Doddapaneni Kalyankrishna,bowler,0.29550000000000026,0.0,0.29550000000000026,0.0,10.87,2.0,0.0,0.0,2.0,10.87
Ronit More,bowler,0.2615000000000002,0.0,0.2615000000000002,0.0,10.11,1.0,0.0,0.0,1.0,10.11
Amit Uniyal,bowler,0.25,0.0,0.25,0.0,11.0,2.0,0.0,0.0,2.0,11.0
Harshit Rana,bowler,0.23000000000000026,0.0,0.23000000000000026,0.0,10.2,1.0,0.0,0.0,1.0,10.2
Kyle Abbott,bowler,0.22899999999999981,0.0,0.22899999999999981,0.0,11.06,2.0,0.0,0.0,2.0,11.06
Luke Wright,allrounder,0.22199999999999998,0.0,0.22199999999999998,0.0,11.08,2.0,0.0,0.0,1.0,11.08
Gurinder Sandhu,bowler,0.2125,0.0,0.2125,0.0,10.25,1.0,0.0,0.0,1.0,10.25
Tejas Baroka,bowler,0.203,0.0,0.203,0.0,9.42,0.0,0.0,0.0,0.0,9.42
Andre Nel,bowler,0.18449999999999997,0.0,0.18449999999999997,0.0,10.33,1.0,0.0,0.0,1.0,10.33
Mandeep Singh,allrounder,0.18449999999999997,0.0,0.18449999999999997,0.0,10.33,1.0,0.0,0.0,0.5,10.33
Kane Williamson,allrounder,0.175,0.0,0.175,0.0,9.5,0.0,0.0,0.0,0.0,9.5
Abdul Samad,allrounder,0.12574999999999986,0.0,0.12574999999999986,0.0,11.355,2.0,0.0,0.0,1.0,11.355
Shubham Agarwal,bowler,0.125,0.0,0.125,0.0,10.5,1.0,0.0,0.0,1.0,10.5
Darshan Nalkande,bowler,0.10649999999999998,0.0,0.10649999999999998,0.0,11.41,2.0,0.0,0.0,2.0,11.41
Akash Singh,bowler,0.0875,0.0,0.0875,0.0,9.75,0.0,0.0,0.0,0.0,9.75
Lukman Meriwala,bowler,0.06899999999999995,0.0,0.06899999999999995,0.0,10.66,1.0,0.0,0.0,1.0,10.66
Akshath Reddy,allrounder,0.06899999999999995,0.0,0.06899999999999995,0.0,10.66,1.0,0.0,0.0,1.0,10.66
Kemar Roach,bowler,0.0,0.0,0.0,0.0,10.0,0.0,0.0,0.0,0.0,10.0
Faiz Fazal,allrounder,0.0,0.0,0.0,0.0,10.0,0.0,0.0,0.0,0.0,10.0
Monu Kumar,bowler,0.0,0.0,0.0,0.0,10.0,0.0,0.0,0.0,0.0,10.0
Vidyut Sivaramakrishnan,allrounder,-0.04999999999999999,-0.0,-0.04999999999999999,-0.0,11.0,1.0,0.0,0.0,1.0,11.0
Lendl Simmons,allrounder,-0.16549999999999998,-0.0,-0.16549999999999998,-0.0,11.33,1.0,0.0,0.0,1.0,11.33
Rasikh Salam,bowler,-0.175,-0.0,-0.175,-0.0,10.5,0.0,0.0,0.0,0.0,10.5
Abrar Kazi,bowler,-0.175,-0.0,-0.175,-0.0,10.5,0.0,0.0,0.0,0.0,10.5
Brett Geeves,bowler,-0.17949999999999972,-0.0,-0.17949999999999972,-0.0,11.37,1.0,0.0,0.0,1.0,11.37
Prithvi Raj Yarra,bowler,-0.1900000000000001,-0.0,-0.1900000000000001,-0.0,11.4,1.0,0.0,0.0,1.0,11.4
Manoj Tiwary,allrounder,-0.26875,-0.0,-0.26875,-0.0,11.625,1.0,0.0,0.0,0.0,11.833333333333334
TP Sudhindra,bowler,-0.27750000000000014,-0.0,-0.27750000000000014,-0.0,11.65,1.0,0.0,0.0,1.0,11.65
Yogesh Nagar,allrounder,-0.29499999999999976,-0.0,-0.29499999999999976,-0.0,11.7,1.0,0.0,0.0,0.5,11.7
Javon Searles,bowler,-0.34850000000000025,-0.0,-0.34850000000000025,-0.0,12.71,2.0,0.0,0.0,2.0,12.71
Rahil Shaikh,bowler,-0.35,-0.0,-0.35,-0.0,11.0,0.0,0.0,0.0,0.0,11.0
Junior Dala,bowler,-0.46549999999999997,-0.0,-0.46549999999999997,-0.0,11.33,0.0,0.0,0.0,0.0,11.33
Asad Pathan,bowler,-0.5074999999999997,-0.0,-0.5074999999999997,-0.0,11.45,0.0,0.0,0.0,0.0,11.45
Adil Rashid,bowler,-0.581,-0.0,-0.581,-0.0,11.66,0.0,0.0,0.0,0.0,11.66
Akila Dananjaya,bowler,-0.6124999999999999,-0.0,-0.6124999999999999,-0.0,11.75,0.0,0.0,0.0,0.0,11.75
Vikrant Yeligati,bowler,-0.6300000000000002,-0.0,-0.6300000000000002,-0.0,11.8,0.0,0.0,0.0,0.0,11.8
David Warner,allrounder,-0.7,-0.0,-0.7,-0.0,12.0,0.0,0.0,0.0,0.0,12.0
Ben Rohrer,allrounder,-0.7,-0.0,-0.7,-0.0,12.0,0.0,0.0,0.0,0.0,12.0
Rahul Tripathi,allrounder,-0.7,-0.0,-0.7,-0.0,12.0,0.0,0.0,0.0,0.0,12.0
Ranadeb Bose,bowler,-0.7,-0.0,-0.7,-0.0,12.0,0.0,0.0,0.0,0.0,12.0
Ross Taylor,allrounder,-0.7,-0.0,-0.7,-0.0,12.0,0.0,0.0,0.0,0.0,12.0
Mark Wood,bowler,-0.7875,-0.0,-0.7875,-0.0,12.25,0.0,0.0,0.0,0.0,12.25
Chandrasekar Ganapathy,bowler,-1.0499999999999998,-0.0,-1.0499999999999998,-0.0,13.0,0.0,0.0,0.0,0.0,13.0
Matt Henry,bowler,-1.1699999999999997,-0.0,-1.1699999999999997,-0.0,14.2,1.0,0.0,0.0,1.0,14.2
Sudhesan Midhun,bowler,-1.2249999999999999,-0.0,-1.2249999999999999,-0.0,13.5,0.0,0.0,0.0,0.0,13.5
Prayas Ray Barman,bowler,-1.4,-0.0,-1.4,-0.0,14.0,0.0,0.0,0.0,0.0,14.0
Cameron White,allrounder,-1.45,-0.0,-1.45,-0.0,15.0,1.0,0.0,0.0,0.3333333333333333,12.0
Dewald Brevis,allrounder,-1.45,-0.0,-1.45,-0.0,16.0,1.0,0.0,0.0,1.0,16.0
Abdur Razzak,bowler,-1.575,-0.0,-1.575,-0.0,14.5,0.0,0.0,0.0,0.0,14.5
Mashrafe Mortaza,bowler,-1.575,-0.0,-1.575,-0.0,14.5,0.0,0.0,0.0,0.0,14.5
Ishan Malhotra,bowler,-1.75,-0.0,-1.75,-0.0,23.0,0.0,0.0,0.0,0.0,23.0
Sridharan Sriram,bowler,-1.75,-0.0,-1.75,-0.0,18.5,0.0,0.0,0.0,0.0,18.5
Sunny Gupta,bowler,-1.75,-0.0,-1.75,-0.0,15.66,0.0,0.0,0.0,0.0,15.66
Steve Smith,allrounder,-1.75,-0.0,-1.75,-0.0,15.0,0.0,0.0,0.0,0.0,15.0
Sarfaraz Khan,allrounder,-1.75,-0.0,-1.75,-0.0,18.0,0.0,0.0,0.0,0.0,18.0
Chamara Kapugedera,bowler,-1.75,-0.0,-1.75,-0.0,17.29,0.0,0.0,0.0,0.0,17.29
Faf du Plessis,allrounder,-1.75,-0.0,-1.75,-0.0,16.0,0.0,0.0,0.0,0.0,16.0
LPC Silva,bowler,-1.75,-0.0,-1.75,-0.0,21.0,0.0,0.0,0.0,0.0,21.0
Raju Bhatkal,bowler,-1.75,-0.0,-1.75,-0.0,17.5,0.0,0.0,0.0,0.0,17.5
Michael Neser,bowler,-1.75,-0.0,-1.75,-0.0,15.5,0.0,0.0,0.0,0.0,15.5
Bharat Chipli,allrounder,-1.75,-0.0,-1.75,-0.0,20.0,0.0,0.0,0.0,0.0,20.0
Padmanabhan Prasanth,bowler,-1.75,-0.0,-1.75,-0.0,18.0,0.0,0.0,0.0,0.0,18.0
