player,opponent,opp_sr,opp_runs,opp_6s
AB de Villiers,CSK,173.15714285714284,325.0,18.0
AB de Villiers,DC,186.33545454545455,682.0,37.0
AB de Villiers,DEC,276.47,94.0,6.0
AB de Villiers,GL,208.075,416.0,34.0
AB de Villiers,KKR,207.052,614.0,39.0
AB de Villiers,KTK,135.0,54.0,5.0
AB de Villiers,MI,215.7653846153846,887.0,49.0
AB de Villiers,PBKS,173.84799999999998,780.0,46.0
AB de Villiers,PWI,264.4975,164.0,10.0
AB de Villiers,RPS,180.43,166.0,8.0
AB de Villiers,RR,181.43,461.0,25.0
AB de Villiers,SRH,177.01636363636362,708.0,39.0
Aaron Finch,CSK,131.84333333333333,178.0,4.0
Aaron Finch,DC,156.15142857142857,430.0,20.0
Aaron Finch,KKR,181.11875,265.0,15.0
Aaron Finch,LSG,100.0,14.0,0.0
Aaron Finch,MI,127.43666666666667,187.0,4.0
Aaron Finch,PBKS,154.06666666666666,202.0,4.0
Aaron Finch,PWI,208.33,25.0,2.0
Aaron Finch,RCB,211.76,144.0,12.0
Aaron Finch,RPS,150.48,133.0,6.0
Aaron Finch,RR,159.28,289.0,10.0
Aaron Finch,SRH,150.83333333333334,107.0,5.0
Abdul Samad,DC,206.25,33.0,2.0
Abdul Samad,KKR,188.19,44.0,5.0
Abdul Samad,MI,222.22,20.0,2.0
Abhijeet Tomar,LSG,50.0,4.0,0.0
Abhinav Manohar,CSK,100.0,12.0,0.0
Abhinav Manohar,LSG,214.28,15.0,0.0
Abhinav Manohar,RR,153.57,86.0,4.0
Abhinav Manohar,SRH,166.66,70.0,2.0
Abhishek Jhunjhunwala,DC,117.77,53.0,1.0
Abhishek Jhunjhunwala,KKR,125.0,45.0,0.0
Abhishek Nayar,CSK,175.265,140.0,8.0
Abhishek Nayar,DEC,167.97666666666666,82.0,6.0
Abhishek Nayar,PBKS,150.0,27.0,2.0
Abhishek Nayar,RCB,145.0,29.0,0.0
Abhishek Nayar,RR,194.44,70.0,2.0
Abhishek Raut,DEC,156.52,36.0,0.0
Abhishek Raut,KKR,161.53,21.0,2.0
Abhishek Raut,MI,117.64,20.0,2.0
Abhishek Sharma,CSK,150.832,259.0,9.0
Abhishek Sharma,DC,116.66,7.0,0.0
Abhishek Sharma,GT,146.92333333333332,172.0,6.0
Abhishek Sharma,KKR,153.57,86.0,4.0
Abhishek Sharma,LSG,118.18,13.0,0.0
Abhishek Sharma,MI,148.125,42.0,1.0
Abhishek Sharma,PBKS,129.185,148.0,6.0
Abhishek Sharma,RCB,192.6,140.0,6.0
Abhishek Sharma,RR,47.36,9.0,0.0
Adam Gilchrist,CSK,186.055,400.0,20.0
Adam Gilchrist,DC,186.91375,448.0,26.0
Adam Gilchrist,DEC,135.215,224.0,10.0
Adam Gilchrist,KKR,135.478,187.0,9.0
Adam Gilchrist,MI,203.45499999999998,288.0,26.0
Adam Gilchrist,PBKS,191.31333333333336,182.0,8.0
Adam Gilchrist,RCB,163.565,602.0,38.0
Adam Gilchrist,RR,142.26166666666666,243.0,9.0
Adam Voges,KKR,168.18,37.0,2.0
Adam Voges,PBKS,187.5,45.0,1.0
Aditya Tare,CSK,121.05,23.0,0.0
Aditya Tare,DC,170.0,17.0,2.0
Aditya Tare,PBKS,183.33,22.0,2.0
Aditya Tare,RR,144.535,94.0,3.0
Adrian Barath,MI,122.22,33.0,1.0
Aiden Blizzard,DC,160.86,37.0,0.0
Aiden Blizzard,KKR,170.0,102.0,4.0
Aiden Markram,CSK,170.0,17.0,2.0
Aiden Markram,DC,168.0,84.0,6.0
Aiden Markram,GT,143.33333333333334,124.0,6.0
Aiden Markram,KKR,168.58666666666667,168.0,11.0
Aiden Markram,MI,144.82,42.0,0.0
Aiden Markram,PBKS,142.40666666666667,103.0,2.0
Aiden Markram,RCB,77.77,42.0,2.0
Aiden Markram,RR,139.02,114.0,4.0
Ajinkya Rahane,CSK,135.81833333333333,315.0,6.0
Ajinkya Rahane,DC,134.276,962.0,23.0
Ajinkya Rahane,DEC,141.93,44.0,1.0
Ajinkya Rahane,GL,117.77,53.0,0.0
Ajinkya Rahane,KKR,154.084,246.0,8.0
Ajinkya Rahane,MI,140.435,606.0,18.0
Ajinkya Rahane,PBKS,130.406,317.0,8.0
Ajinkya Rahane,PWI,136.31333333333336,195.0,4.0
Ajinkya Rahane,RCB,140.91636363636363,634.0,17.0
Ajinkya Rahane,SRH,120.83599999999998,284.0,7.0
Ajit Agarkar,DC,134.48,78.0,4.0
Ajit Agarkar,DEC,233.33,7.0,1.0
Ajit Agarkar,RR,153.84,20.0,2.0
Akshdeep Nath,DC,158.33,19.0,0.0
Albie Morkel,CSK,132.72,73.0,1.0
Albie Morkel,DC,187.5,58.0,5.0
Albie Morkel,DEC,204.1325,103.0,9.0
Albie Morkel,KKR,193.885,37.0,4.0
Albie Morkel,PBKS,200.0,16.0,2.0
Albie Morkel,RCB,340.0,56.0,6.0
Albie Morkel,RR,188.71714285714285,308.0,21.0
Alex Hales,DC,145.16,45.0,3.0
Alex Hales,RCB,154.16,37.0,3.0
Aman Khan,SRH,166.66,5.0,0.0
Ambati Rayudu,CSK,161.8475,158.0,13.0
Ambati Rayudu,DC,158.89533333333333,673.0,35.0
Ambati Rayudu,DEC,189.65,110.0,4.0
Ambati Rayudu,GT,148.38,92.0,4.0
Ambati Rayudu,KKR,158.79125,291.0,12.0
Ambati Rayudu,KTK,160.6,53.0,4.0
Ambati Rayudu,LSG,135.0,54.0,4.0
Ambati Rayudu,MI,157.5675,422.0,30.0
Ambati Rayudu,PBKS,163.82222222222222,466.0,24.0
Ambati Rayudu,RCB,167.25555555555556,447.0,25.0
Ambati Rayudu,RR,181.6075,377.0,20.0
Ambati Rayudu,SRH,159.3575,556.0,26.0
Amit Mishra,MI,312.5,31.0,1.0
Andre Russell,CSK,176.81499999999997,352.0,31.0
Andre Russell,DC,203.76857142857145,323.0,30.0
Andre Russell,GT,192.0,96.0,12.0
Andre Russell,LSG,236.84,90.0,10.0
Andre Russell,MI,205.29333333333332,227.0,23.0
Andre Russell,PBKS,219.90555555555557,477.0,38.0
Andre Russell,RCB,220.67916666666665,475.0,44.0
Andre Russell,RPS,154.54,17.0,2.0
Andre Russell,RR,192.93800000000002,172.0,15.0
Andre Russell,SRH,201.805,328.0,28.0
Andrew Flintoff,RCB,169.23,22.0,1.0
Andrew McDonald,DC,157.89,60.0,4.0
Andrew Symonds,CSK,119.40666666666668,108.0,7.0
Andrew Symonds,DC,174.63750000000002,171.0,11.0
Andrew Symonds,KKR,101.83500000000001,77.0,2.0
Andrew Symonds,PBKS,153.065,113.0,7.0
Andrew Symonds,RCB,199.6,139.0,7.0
Andrew Symonds,RR,220.75,234.0,14.0
Andrew Tye,MI,208.33,25.0,2.0
Angelo Mathews,CSK,100.0,48.0,2.0
Angelo Mathews,DC,150.32,76.0,4.0
Angelo Mathews,DEC,141.3,130.0,8.0
Angelo Mathews,KKR,135.26666666666668,103.0,9.0
Angelo Mathews,RCB,168.42,32.0,3.0
Ankit Sharma,CSK,187.5,15.0,2.0
Anmolpreet Singh,RR,125.0,5.0,0.0
Anuj Rawat,CSK,75.0,12.0,0.0
Anuj Rawat,LSG,80.0,4.0,0.0
Anuj Rawat,MI,140.42,132.0,12.0
Anuj Rawat,PBKS,105.0,42.0,2.0
Anuj Rawat,RR,104.0,26.0,0.0
Anustup Majumdar,RR,150.0,30.0,2.0
Arshdeep Singh,DC,52.94,9.0,0.0
Arshdeep Singh,GT,200.0,10.0,0.0
Ashish Reddy,CSK,225.0,36.0,3.0
Ashish Reddy,PBKS,275.0,22.0,2.0
Ashish Reddy,RCB,177.77,32.0,3.0
Ashok Menaria,DC,146.66,22.0,3.0
Ashok Menaria,PBKS,125.92,34.0,2.0
Ashok Menaria,PWI,131.81,29.0,3.0
Avesh Khan,GT,300.0,12.0,2.0
Avesh Khan,RR,350.0,7.0,1.0
Axar Patel,CSK,420.0,21.0,3.0
Axar Patel,DC,197.24,102.0,6.0
Axar Patel,GL,200.0,34.0,2.0
Axar Patel,GT,200.0,8.0,0.0
Axar Patel,KKR,179.32399999999998,113.0,6.0
Axar Patel,LSG,175.0,84.0,6.0
Axar Patel,MI,191.0775,137.0,11.0
Axar Patel,PBKS,85.0,17.0,0.0
Axar Patel,RCB,186.8275,128.0,6.0
Axar Patel,SRH,194.33999999999997,59.0,5.0
Ayush Badoni,CSK,211.11,19.0,2.0
Ayush Badoni,DC,333.33,20.0,2.0
Ayush Badoni,GT,112.04,116.0,6.0
Ayush Badoni,MI,127.27,14.0,1.0
Ayush Badoni,RCB,100.0,13.0,0.0
Ayush Badoni,SRH,158.33,19.0,0.0
Azhar Mahmood,CSK,150.0,18.0,2.0
Azhar Mahmood,MI,181.81,160.0,8.0
Azhar Mahmood,RCB,192.245,94.0,3.0
B Indrajith,RR,93.75,15.0,0.0
Balachandra Akhil,DC,200.0,8.0,1.0
Balachandra Akhil,DEC,385.71,27.0,3.0
Ben Cutting,DC,185.0,37.0,3.0
Ben Cutting,KKR,266.66,24.0,3.0
Ben Cutting,MI,200.0,20.0,0.0
Ben Cutting,PBKS,163.63,18.0,2.0
Ben Cutting,RCB,263.33000000000004,55.0,6.0
Ben Dunk,SRH,117.64,20.0,0.0
Ben Rohrer,PBKS,168.96,98.0,6.0
Ben Rohrer,RR,160.0,64.0,1.0
Ben Stokes,CSK,176.92,46.0,3.0
Ben Stokes,DC,124.57,74.0,2.0
Ben Stokes,GL,163.49,206.0,12.0
Ben Stokes,MI,178.33,214.0,6.0
Ben Stokes,PBKS,180.28333333333333,150.0,9.0
Ben Stokes,SRH,156.0,39.0,3.0
Bhanuka Rajapaksa,CSK,147.5,93.0,5.0
Bhanuka Rajapaksa,DC,80.0,4.0,0.0
Bhanuka Rajapaksa,GT,142.85,80.0,2.0
Bhanuka Rajapaksa,KKR,344.44,62.0,6.0
Bhanuka Rajapaksa,LSG,128.57,9.0,0.0
Bhanuka Rajapaksa,RCB,195.45,86.0,8.0
Bhanuka Rajapaksa,RR,150.0,54.0,4.0
Bharat Chipli,KKR,120.0,48.0,1.0
Bharat Chipli,RCB,174.28,122.0,6.0
Bhuvneshwar Kumar,DC,166.66,5.0,0.0
Bhuvneshwar Kumar,KKR,85.71,6.0,0.0
Bhuvneshwar Kumar,RCB,88.88,8.0,0.0
Biplap Samantray,RR,119.56,55.0,1.0
Bipul Sharma,GL,245.45,27.0,3.0
Bipul Sharma,KKR,233.33,14.0,2.0
Bipul Sharma,PWI,194.44,35.0,2.0
Brad Hodge,CSK,148.04666666666668,193.0,10.0
Brad Hodge,DEC,166.345,175.0,4.0
Brad Hodge,KKR,161.43666666666667,125.0,4.0
Brad Hodge,MI,135.03,276.0,11.0
Brad Hodge,PBKS,163.84333333333333,137.0,5.0
Brad Hodge,RCB,144.44,82.0,2.0
Brad Hodge,RR,194.11,66.0,4.0
Brad Hodge,SRH,186.2,54.0,5.0
Brendon McCullum,CSK,164.468,280.0,14.0
Brendon McCullum,DC,157.76875,323.0,14.0
Brendon McCullum,KKR,165.18222222222224,371.0,18.0
Brendon McCullum,MI,153.63666666666666,680.0,23.0
Brendon McCullum,PBKS,141.25333333333333,319.0,20.0
Brendon McCullum,PWI,96.505,83.0,1.0
Brendon McCullum,RCB,152.56571428571428,902.0,51.0
Brendon McCullum,RPS,169.78857142857143,323.0,17.0
Brendon McCullum,RR,169.07333333333335,191.0,12.0
Brendon McCullum,SRH,155.82666666666668,232.0,18.0
Brett Lee,DC,266.66,16.0,2.0
Brett Lee,RR,227.27,25.0,2.0
Cameron White,CSK,145.28,154.0,4.0
Cameron White,DC,162.5,130.0,4.0
Cameron White,DEC,284.055,44.0,4.0
Cameron White,MI,161.655,73.0,5.0
Cameron White,PBKS,163.41,67.0,1.0
Cameron White,PWI,167.0,304.0,18.0
Cameron White,RCB,170.22,97.0,6.0
Cameron White,RR,110.71,31.0,0.0
Carlos Brathwaite,CSK,169.585,64.0,7.0
Carlos Brathwaite,KKR,309.09,34.0,3.0
Carlos Brathwaite,RPS,250.0,20.0,3.0
Cheteshwar Pujara,DEC,166.66,25.0,0.0
Cheteshwar Pujara,PBKS,106.25,51.0,0.0
Cheteshwar Pujara,RCB,200.0,16.0,2.0
Cheteshwar Pujara,RR,117.21000000000001,74.0,1.0
Cheteshwar Pujara,SRH,109.37,35.0,0.0
Chidhambaram Gautam,RCB,107.14,30.0,3.0
Chris Gayle,CSK,159.85,459.0,36.0
Chris Gayle,DC,176.85999999999999,744.0,58.0
Chris Gayle,DEC,270.0,27.0,2.0
Chris Gayle,GL,202.63,154.0,14.0
Chris Gayle,KKR,187.59117647058824,1128.0,92.0
Chris Gayle,KTK,275.0,44.0,5.0
Chris Gayle,MI,151.67384615384614,910.0,54.0
Chris Gayle,PBKS,193.69333333333333,1426.0,114.0
Chris Gayle,PWI,204.08428571428573,667.0,64.0
Chris Gayle,RCB,171.90125,440.0,21.0
Chris Gayle,RR,157.0381818181818,681.0,44.0
Chris Gayle,SRH,222.79285714285714,385.0,38.0
Chris Jordan,KKR,166.66,30.0,3.0
Chris Lynn,CSK,164.765,198.0,14.0
Chris Lynn,GL,226.82,186.0,16.0
Chris Lynn,MI,174.87,175.0,10.0
Chris Lynn,PBKS,180.1457142857143,435.0,22.0
Chris Lynn,RCB,166.48833333333334,305.0,18.0
Chris Lynn,RR,139.88,145.0,7.0
Chris Lynn,SRH,142.28,152.0,6.0
Chris Morris,DC,200.0,36.0,4.0
Chris Morris,GL,256.25,164.0,16.0
Chris Morris,MI,126.82,52.0,1.0
Chris Morris,PBKS,312.5,25.0,3.0
Chris Morris,RPS,306.11,152.0,10.0
Chris Morris,SRH,309.09,34.0,3.0
Colin Ingram,MI,146.87,47.0,1.0
Colin Ingram,PBKS,211.11,19.0,0.0
Colin Munro,CSK,162.5,26.0,2.0
Colin Munro,KKR,183.33,66.0,4.0
Colin Munro,SRH,166.66,80.0,6.0
Colin de Grandhomme,MI,205.625,52.0,4.0
Colin de Grandhomme,RPS,189.47,36.0,2.0
Colin de Grandhomme,SRH,235.29,40.0,4.0
Corey Anderson,CSK,250.0,38.0,4.0
Corey Anderson,GL,150.0,18.0,2.0
Corey Anderson,KKR,134.14,110.0,6.0
Corey Anderson,PBKS,158.635,74.0,5.0
Corey Anderson,RR,173.735,290.0,18.0
Corey Anderson,SRH,170.83,41.0,3.0
D'Arcy Short,DC,176.0,44.0,4.0
D'Arcy Short,KKR,102.32,44.0,1.0
Dan Christian,KKR,229.48000000000002,41.0,4.0
Dan Christian,PBKS,227.14,54.0,4.0
Dan Christian,RR,136.84,26.0,2.0
Daniel Harris,RCB,114.63,47.0,4.0
Daniel Sams,CSK,166.66,5.0,0.0
Daniel Sams,DC,350.0,7.0,1.0
Daniel Sams,RR,600.0,6.0,1.0
Daniel Sams,SRH,136.36,15.0,1.0
Darren Sammy,KKR,147.14499999999998,46.0,5.0
Darren Sammy,RR,142.215,89.0,4.0
Daryl Mitchell,MI,85.0,17.0,0.0
David Hussey,DC,138.09333333333333,91.0,5.0
David Hussey,DEC,174.37714285714287,356.0,25.0
David Hussey,MI,166.7025,210.0,12.0
David Hussey,PBKS,154.34,142.0,8.0
David Hussey,RCB,172.58249999999998,157.0,11.0
David Hussey,RR,140.0,42.0,2.0
David Hussey,SRH,151.51,100.0,4.0
David Miller,CSK,163.95555555555555,491.0,24.0
David Miller,DC,146.0175,368.0,16.0
David Miller,KKR,159.635,227.0,14.0
David Miller,LSG,125.58999999999999,112.0,6.0
David Miller,MI,162.518,158.0,12.0
David Miller,PBKS,150.0,6.0,0.0
David Miller,PWI,195.12,160.0,10.0
David Miller,RCB,214.19111111111113,486.0,27.0
David Miller,RR,187.91199999999998,436.0,29.0
David Miller,SRH,145.87,106.0,9.0
David Warner,CSK,180.1,382.0,14.0
David Warner,DC,152.49875,412.0,12.0
David Warner,DEC,171.078,383.0,23.0
David Warner,GL,155.20857142857145,505.0,16.0
David Warner,KKR,165.2125,1262.0,57.0
David Warner,MI,150.66666666666666,864.0,35.0
David Warner,PBKS,162.53727272727272,1427.0,59.0
David Warner,PWI,185.31199999999998,213.0,14.0
David Warner,RCB,178.9321052631579,1237.0,70.0
David Warner,RR,157.79444444444445,453.0,10.0
David Warner,SRH,158.62,184.0,6.0
David Wiese,MI,188.0,94.0,4.0
David Willey,KKR,64.28,18.0,0.0
Davy Jacobs,DEC,160.0,32.0,1.0
Davy Jacobs,RCB,137.5,22.0,2.0
Debabrata Das,CSK,105.515,46.0,4.0
Debabrata Das,DC,200.0,18.0,2.0
Debabrata Das,MI,140.14499999999998,52.0,3.0
Debabrata Das,RR,155.0,31.0,2.0
Deepak Chahar,DC,233.33,14.0,2.0
Deepak Chahar,PBKS,195.0,39.0,3.0
Deepak Hooda,CSK,177.22,88.0,6.0
Deepak Hooda,DC,172.7775,180.0,8.0
Deepak Hooda,GT,124.04,137.0,4.0
Deepak Hooda,KKR,155.07666666666668,103.0,6.0
Deepak Hooda,MI,202.7775,53.0,4.0
Deepak Hooda,PBKS,163.4875,117.0,9.0
Deepak Hooda,RCB,146.33,103.0,8.0
Deepak Hooda,RPS,280.0,14.0,2.0
Deepak Hooda,RR,172.772,271.0,16.0
Deepak Hooda,SRH,154.54,102.0,6.0
Devdutt Padikkal,CSK,183.32999999999998,208.0,10.0
Devdutt Padikkal,DC,150.102,254.0,8.0
Devdutt Padikkal,GT,140.0,56.0,4.0
Devdutt Padikkal,KKR,135.26333333333335,80.0,3.0
Devdutt Padikkal,LSG,177.7733333333333,107.0,4.0
Devdutt Padikkal,MI,126.888,204.0,5.0
Devdutt Padikkal,PBKS,101.065,71.0,2.0
Devdutt Padikkal,RCB,118.38666666666666,81.0,5.0
Devdutt Padikkal,RR,164.4675,287.0,13.0
Devdutt Padikkal,SRH,138.69000000000003,138.0,4.0
Devon Conway,DC,177.55,174.0,10.0
Devon Conway,RCB,151.35,112.0,4.0
Devon Conway,RR,114.28,32.0,2.0
Devon Conway,SRH,154.54,170.0,8.0
Dewald Brevis,DC,112.12,74.0,6.0
Dewald Brevis,KKR,152.63,58.0,4.0
Dewald Brevis,LSG,238.46,62.0,2.0
Dewald Brevis,PBKS,196.0,98.0,10.0
Dewald Brevis,RCB,72.72,8.0,0.0
Dhawal Kulkarni,CSK,147.36,28.0,2.0
Dinesh Karthik,CSK,180.622,384.0,22.0
Dinesh Karthik,DC,165.34636363636363,644.0,27.0
Dinesh Karthik,DEC,170.37,92.0,4.0
Dinesh Karthik,KKR,176.0411111111111,355.0,14.0
Dinesh Karthik,KTK,209.09,138.0,10.0
Dinesh Karthik,LSG,161.40666666666667,87.0,3.0
Dinesh Karthik,MI,192.25,233.0,10.0
Dinesh Karthik,PBKS,178.73923076923077,606.0,22.0
Dinesh Karthik,RCB,162.16,60.0,4.0
Dinesh Karthik,RPS,165.0,33.0,0.0
Dinesh Karthik,RR,173.543,561.0,33.0
Dinesh Karthik,SRH,271.78499999999997,128.0,12.0
Dinesh Salunkhe,DC,130.0,26.0,0.0
Dishant Yagnik,MI,182.35,31.0,0.0
Dominic Thornely,DC,125.0,30.0,2.0
Dushmantha Chameera,PBKS,170.0,17.0,2.0
Dushmantha Chameera,RCB,275.0,22.0,2.0
Dushmantha Chameera,RR,185.71,13.0,0.0
Dwaine Pretorius,MI,157.14,44.0,2.0
Dwaine Pretorius,PBKS,200.0,8.0,1.0
Dwaine Pretorius,RCB,162.5,26.0,2.0
Dwaraka Ravi Teja,CSK,142.85,40.0,1.0
Dwaraka Ravi Teja,MI,137.03,37.0,3.0
Dwaraka Ravi Teja,PBKS,146.34,120.0,4.0
Dwayne Bravo,DC,195.82999999999998,68.0,4.0
Dwayne Bravo,DEC,207.675,73.0,7.0
Dwayne Bravo,KKR,120.75,64.0,1.0
Dwayne Bravo,MI,207.4675,136.0,13.0
Dwayne Bravo,PBKS,122.9375,218.0,11.0
Dwayne Bravo,RCB,125.0,50.0,2.0
Dwayne Bravo,RR,177.10333333333332,109.0,1.0
Dwayne Bravo,SRH,180.0,28.0,0.0
Dwayne Smith,CSK,221.54857142857142,297.0,22.0
Dwayne Smith,DC,159.37571428571428,394.0,26.0
Dwayne Smith,KKR,125.48000000000002,136.0,6.0
Dwayne Smith,MI,148.821,457.0,25.0
Dwayne Smith,PBKS,177.288,306.0,16.0
Dwayne Smith,RCB,163.63666666666666,301.0,21.0
Dwayne Smith,RPS,163.465,110.0,2.0
Dwayne Smith,RR,149.9388888888889,529.0,24.0
Dwayne Smith,SRH,158.31666666666666,334.0,22.0
Eklavya Dwivedi,RCB,211.11,19.0,2.0
Eoin Morgan,CSK,145.45,32.0,2.0
Eoin Morgan,DC,244.44,44.0,5.0
Eoin Morgan,KTK,129.41,132.0,4.0
Eoin Morgan,MI,134.48,39.0,2.0
Eoin Morgan,PBKS,164.60285714285715,261.0,12.0
Eoin Morgan,RR,186.765,347.0,27.0
Eoin Morgan,SRH,197.47333333333336,136.0,8.0
Evin Lewis,CSK,234.42,137.0,8.0
Evin Lewis,DC,165.89,144.0,12.0
Evin Lewis,GT,111.11,10.0,0.0
Evin Lewis,KKR,153.57,43.0,2.0
Evin Lewis,PBKS,171.42,36.0,1.0
Evin Lewis,RCB,155.755,246.0,16.0
Evin Lewis,RR,142.85,120.0,8.0
Evin Lewis,SRH,170.58,29.0,2.0
Fabian Allen,LSG,114.28,8.0,0.0
Faf Du Plessis,CSK,172.72,76.0,2.0
Faf Du Plessis,DC,72.72,8.0,0.0
Faf Du Plessis,GT,115.78,44.0,0.0
Faf Du Plessis,KKR,125.0,5.0,0.0
Faf Du Plessis,LSG,150.0,192.0,4.0
Faf Du Plessis,MI,66.66,16.0,0.0
Faf Du Plessis,PBKS,144.58666666666667,186.0,14.0
Faf Du Plessis,RR,114.1575,100.0,2.0
Faf Du Plessis,SRH,121.14,151.0,4.0
Faf du Plessis,DC,124.81666666666666,151.0,3.0
Faf du Plessis,DEC,156.0,39.0,4.0
Faf du Plessis,GL,160.46,138.0,8.0
Faf du Plessis,KKR,157.915,476.0,15.0
Faf du Plessis,MI,144.152,222.0,9.0
Faf du Plessis,PBKS,152.29833333333332,784.0,25.0
Faf du Plessis,PWI,130.3,86.0,4.0
Faf du Plessis,RCB,155.30666666666667,304.0,15.0
Faf du Plessis,RR,172.714,284.0,15.0
Faf du Plessis,SRH,149.11375,339.0,14.0
Faiz Fazal,DEC,124.13,36.0,0.0
Faiz Fazal,KKR,134.78,31.0,0.0
Faiz Fazal,PBKS,118.42,45.0,1.0
Gautam Gambhir,CSK,134.46428571428572,399.0,9.0
Gautam Gambhir,DC,141.09285714285713,347.0,6.0
Gautam Gambhir,DEC,163.42333333333335,187.0,6.0
Gautam Gambhir,GL,158.33,76.0,0.0
Gautam Gambhir,KKR,162.06,47.0,1.0
Gautam Gambhir,MI,131.56333333333336,154.0,2.0
Gautam Gambhir,PBKS,150.379,530.0,4.0
Gautam Gambhir,PWI,135.53,216.0,4.0
Gautam Gambhir,RCB,149.38888888888889,591.0,14.0
Gautam Gambhir,RPS,134.78,62.0,1.0
Gautam Gambhir,RR,147.5325,218.0,3.0
Gautam Gambhir,SRH,145.304,234.0,5.0
George Bailey,CSK,307.69,80.0,4.0
George Bailey,KKR,132.6775,176.0,6.0
George Bailey,MI,170.41333333333333,161.0,8.0
George Bailey,PBKS,125.0,15.0,0.0
George Bailey,SRH,184.21,35.0,3.0
Glenn Maxwell,CSK,231.37666666666667,422.0,24.0
Glenn Maxwell,DC,194.515,176.0,6.0
Glenn Maxwell,GL,177.015,51.0,5.0
Glenn Maxwell,GT,202.775,146.0,8.0
Glenn Maxwell,KKR,172.1788888888889,502.0,30.0
Glenn Maxwell,LSG,169.39333333333335,55.0,3.0
Glenn Maxwell,MI,198.712,432.0,24.0
Glenn Maxwell,PBKS,163.63333333333333,127.0,6.0
Glenn Maxwell,RCB,211.36,68.0,6.0
Glenn Maxwell,RPS,224.285,76.0,6.0
Glenn Maxwell,RR,177.785,299.0,20.0
Glenn Maxwell,SRH,163.24444444444444,469.0,35.0
Graeme Smith,CSK,178.43,182.0,8.0
Graeme Smith,DC,107.345,69.0,0.0
Graeme Smith,DEC,157.77,142.0,4.0
Graeme Smith,MI,118.18,26.0,0.0
Graeme Smith,PBKS,175.0,154.0,2.0
Graeme Smith,RCB,128.42000000000002,219.0,4.0
Gurkeerat Mann Singh,DC,236.36,26.0,1.0
Gurkeerat Mann Singh,DEC,241.66,29.0,1.0
Gurkeerat Mann Singh,KKR,186.66,28.0,2.0
Gurkeerat Mann Singh,RPS,170.0,51.0,3.0
Gurkeerat Mann Singh,SRH,135.41,65.0,1.0
Hanuma Vihari,PBKS,117.94,46.0,0.0
Harbhajan Singh,CSK,190.24666666666667,86.0,8.0
Harbhajan Singh,DC,158.32999999999998,43.0,2.0
Harbhajan Singh,DEC,264.81333333333333,118.0,6.0
Harbhajan Singh,KKR,164.22,48.0,2.0
Harbhajan Singh,PBKS,266.66,128.0,12.0
Harbhajan Singh,RPS,150.0,45.0,1.0
Harbhajan Singh,RR,300.0,18.0,2.0
Hardik Pandya,CSK,212.046,83.0,10.0
Hardik Pandya,DC,199.89,129.0,11.0
Hardik Pandya,KKR,205.11374999999998,502.0,29.0
Hardik Pandya,LSG,117.85,66.0,2.0
Hardik Pandya,MI,171.42,24.0,0.0
Hardik Pandya,PBKS,184.02800000000002,167.0,10.0
Hardik Pandya,RCB,210.07375,313.0,18.0
Hardik Pandya,RPS,233.33,35.0,4.0
Hardik Pandya,RR,177.63375,406.0,22.0
Hardik Pandya,SRH,138.025,138.0,4.0
Harpreet Brar,KKR,77.77,28.0,2.0
Harpreet Brar,RCB,143.525,32.0,3.0
Harshal Patel,CSK,225.0,36.0,4.0
Harshal Patel,KKR,166.66,10.0,0.0
Harshal Patel,PBKS,197.8,42.0,2.0
Harshal Patel,RR,148.86,17.0,2.0
Hashim Amla,DC,158.33,19.0,0.0
Hashim Amla,GL,167.91500000000002,338.0,14.0
Hashim Amla,MI,173.33,208.0,12.0
Hashim Amla,RCB,152.63,116.0,6.0
Hashim Amla,SRH,171.42,192.0,4.0
Herschelle Gibbs,CSK,123.80666666666666,183.0,5.0
Herschelle Gibbs,DC,109.61500000000001,53.0,4.0
Herschelle Gibbs,KKR,138.915,202.0,5.0
Herschelle Gibbs,MI,144.12333333333333,143.0,6.0
Herschelle Gibbs,PBKS,129.41,44.0,3.0
Herschelle Gibbs,RCB,137.43571428571428,333.0,17.0
Herschelle Gibbs,RR,178.57,25.0,2.0
Hrithik Shokeen,CSK,89.13,43.0,0.0
Iqbal Abdulla,MI,133.33,20.0,0.0
Irfan Pathan,CSK,159.115,167.0,7.0
Irfan Pathan,DC,190.9,21.0,3.0
Irfan Pathan,DEC,206.89,60.0,5.0
Irfan Pathan,KKR,187.52249999999998,142.0,6.0
Irfan Pathan,MI,250.0,15.0,1.0
Irfan Pathan,RCB,238.26666666666665,52.0,5.0
Irfan Pathan,RR,118.18,39.0,2.0
Ishan Kishan,CSK,156.3725,182.0,11.0
Ishan Kishan,DC,165.84,662.0,31.0
Ishan Kishan,GT,155.17,90.0,2.0
Ishan Kishan,KKR,178.864,240.0,14.0
Ishan Kishan,LSG,76.47,13.0,0.0
Ishan Kishan,MI,137.14,96.0,4.0
Ishan Kishan,PBKS,149.115,45.0,5.0
Ishan Kishan,RCB,177.212,201.0,16.0
Ishan Kishan,RPS,129.16,31.0,2.0
Ishan Kishan,RR,152.0275,376.0,16.0
Ishan Kishan,SRH,173.96,407.0,20.0
JP Duminy,CSK,131.44,152.0,4.0
JP Duminy,DC,177.41,55.0,4.0
JP Duminy,DEC,114.44333333333333,146.0,4.0
JP Duminy,KKR,143.98666666666665,144.0,10.0
JP Duminy,MI,154.1475,200.0,14.0
JP Duminy,PBKS,109.325,94.0,2.0
JP Duminy,RCB,156.91875000000002,491.0,26.0
JP Duminy,RR,152.0575,197.0,12.0
JP Duminy,SRH,183.03666666666663,128.0,6.0
Jacob Oram,DEC,141.37,82.0,4.0
Jacques Kallis,CSK,122.71399999999998,218.0,1.0
Jacques Kallis,DC,117.465,189.0,4.0
Jacques Kallis,DEC,125.8625,167.0,2.0
Jacques Kallis,KKR,109.555,97.0,2.0
Jacques Kallis,KTK,109.75,45.0,0.0
Jacques Kallis,MI,133.83875,565.0,19.0
Jacques Kallis,PBKS,138.00333333333333,366.0,14.0
Jacques Kallis,RCB,151.85,41.0,3.0
Jacques Kallis,RR,125.18333333333332,204.0,4.0
Jacques Kallis,SRH,151.85,41.0,0.0
Jagadeesan Narayan,GT,118.18,78.0,2.0
Jagadeesh Arunkumar,KKR,129.41,22.0,0.0
Jagadeesha Suchith,PBKS,161.9,68.0,4.0
James Faulkner,DC,287.5,23.0,3.0
James Faulkner,MI,169.635,54.0,5.0
James Faulkner,PBKS,204.31,81.0,7.0
James Faulkner,RCB,241.17,41.0,3.0
James Faulkner,SRH,157.89,30.0,2.0
James Franklin,KKR,195.65,45.0,1.0
James Franklin,PBKS,154.9,158.0,8.0
James Hopes,CSK,215.15,142.0,6.0
James Hopes,KKR,150.0,18.0,0.0
James Hopes,MI,125.0,55.0,0.0
James Hopes,RCB,133.84,81.0,3.0
James Hopes,RR,145.71,51.0,1.0
James Neesham,GT,113.33,17.0,0.0
James Neesham,LSG,116.66,14.0,0.0
Jason Holder,KKR,325.0,13.0,2.0
Jason Holder,PBKS,149.78,58.0,6.0
Jason Holder,RCB,218.885,42.0,5.0
Jason Holder,RR,57.14,8.0,0.0
Jason Holder,SRH,266.66,8.0,1.0
Jason Roy,MI,168.42666666666665,216.0,12.0
Jason Roy,RCB,115.78,44.0,0.0
Jason Roy,RR,142.85,60.0,1.0
Jason Roy,SRH,147.61,31.0,0.0
Jaydev Unadkat,CSK,211.11,38.0,2.0
Jaydev Unadkat,LSG,233.33,28.0,2.0
Jaydev Unadkat,PBKS,171.42,12.0,1.0
Jaydev Unadkat,RCB,92.85,13.0,0.0
Jesse Ryder,CSK,144.34,92.0,1.0
Jesse Ryder,DC,185.245,292.0,18.0
Jesse Ryder,DEC,175.0,70.0,4.0
Jesse Ryder,KKR,110.0,22.0,0.0
Jesse Ryder,PBKS,167.365,63.0,0.0
Jesse Ryder,RCB,151.51333333333332,136.0,5.0
Jitesh Sharma,CSK,152.94,26.0,3.0
Jitesh Sharma,DC,132.65,120.0,4.0
Jitesh Sharma,GT,209.09,46.0,4.0
Jitesh Sharma,MI,200.0,60.0,4.0
Jitesh Sharma,RCB,180.0,9.0,0.0
Jitesh Sharma,RR,211.11,76.0,4.0
Jitesh Sharma,SRH,226.78,49.0,2.0
Jofra Archer,CSK,277.84000000000003,51.0,6.0
Jofra Archer,KKR,225.0,27.0,2.0
Jofra Archer,PBKS,433.33,13.0,2.0
Johan Botha,DC,229.675,54.0,0.0
Johan Botha,DEC,142.55,67.0,1.0
Jonny Bairstow,CSK,169.315,67.0,3.0
Jonny Bairstow,DC,166.76666666666668,192.0,8.0
Jonny Bairstow,GT,100.0,8.0,0.0
Jonny Bairstow,KKR,155.13,306.0,14.0
Jonny Bairstow,LSG,114.28,32.0,0.0
Jonny Bairstow,MI,151.47,80.0,6.0
Jonny Bairstow,PBKS,155.07333333333335,257.0,15.0
Jonny Bairstow,RCB,191.00333333333333,482.0,32.0
Jonny Bairstow,RR,145.89,187.0,4.0
Jonny Bairstow,SRH,136.66500000000002,35.0,0.0
Jos Buttler,CSK,159.76000000000002,451.0,13.0
Jos Buttler,DC,178.94142857142856,430.0,36.0
Jos Buttler,GT,175.852,325.0,10.0
Jos Buttler,KKR,154.31375,419.0,19.0
Jos Buttler,LSG,118.18,26.0,2.0
Jos Buttler,MI,160.6109090909091,881.0,55.0
Jos Buttler,PBKS,177.655,532.0,19.0
Jos Buttler,RCB,168.6375,439.0,25.0
Jos Buttler,RPS,200.0,38.0,3.0
Jos Buttler,SRH,159.375,318.0,22.0
Josh Hazlewood,PBKS,175.0,7.0,0.0
Josh Philippe,MI,137.5,33.0,1.0
K L Rahul,CSK,153.84,80.0,6.0
K L Rahul,DC,123.49,202.0,12.0
K L Rahul,GT,50.0,8.0,0.0
K L Rahul,KKR,133.33,136.0,8.0
K L Rahul,MI,168.89,412.0,18.0
K L Rahul,PBKS,54.54,6.0,0.0
K L Rahul,RCB,130.6,218.0,12.0
K L Rahul,RR,52.63,10.0,1.0
K L Rahul,SRH,136.0,136.0,2.0
K.S Bharat,DC,150.0,78.0,4.0
K.S Bharat,MI,133.33,32.0,2.0
KL Rahul,CSK,191.73833333333334,438.0,27.0
KL Rahul,DC,230.57750000000001,201.0,11.0
KL Rahul,GL,145.71,102.0,6.0
KL Rahul,KKR,178.05857142857144,431.0,17.0
KL Rahul,MI,146.03,764.0,34.0
KL Rahul,PBKS,168.0,42.0,1.0
KL Rahul,RCB,159.52333333333334,661.0,38.0
KL Rahul,RR,154.4425,612.0,23.0
KL Rahul,SRH,152.39,201.0,7.0
Kagiso Rabada,CSK,100.0,12.0,0.0
Kagiso Rabada,DC,300.0,6.0,1.0
Kagiso Rabada,KKR,156.25,50.0,2.0
Kamran Akmal,CSK,189.28,106.0,6.0
Kamran Akmal,PBKS,300.0,24.0,3.0
Kane Williamson,CSK,142.80909090909088,531.0,21.0
Kane Williamson,DC,140.8525,506.0,20.0
Kane Williamson,GT,103.44,119.0,8.0
Kane Williamson,KKR,134.56333333333333,157.0,4.0
Kane Williamson,LSG,100.0,32.0,2.0
Kane Williamson,MI,126.185,37.0,0.0
Kane Williamson,PBKS,200.0,108.0,4.0
Kane Williamson,RCB,148.42875,455.0,20.0
Kane Williamson,RR,151.41,136.0,5.0
Karan Goel,DC,180.95,76.0,6.0
Karan Goel,RR,123.8,26.0,2.0
Karan Sharma,GT,100.0,4.0,0.0
Karn Sharma,CSK,242.85,17.0,2.0
Karn Sharma,DC,190.0,19.0,2.0
Karn Sharma,KKR,160.0,32.0,3.0
Kartik Tyagi,DC,140.0,7.0,0.0
Karun Nair,CSK,207.69,54.0,5.0
Karun Nair,DC,152.91,318.0,10.0
Karun Nair,GL,200.0,30.0,1.0
Karun Nair,KKR,120.57,125.0,2.0
Karun Nair,MI,192.404,219.0,12.0
Karun Nair,RCB,130.11,136.0,1.0
Karun Nair,RPS,125.56333333333333,137.0,0.0
Karun Nair,SRH,162.962,277.0,11.0
Kedar Jadhav,CSK,161.11,29.0,2.0
Kedar Jadhav,DC,186.48,138.0,10.0
Kedar Jadhav,GL,215.74,107.0,5.0
Kedar Jadhav,MI,107.4,58.0,1.0
Kedar Jadhav,PWI,131.57,25.0,2.0
Kedar Jadhav,RCB,176.60666666666665,137.0,6.0
Kedar Jadhav,RR,200.0,28.0,2.0
Kedar Jadhav,SRH,176.198,212.0,9.0
Kevin Pietersen,CSK,165.38,43.0,2.0
Kevin Pietersen,DC,148.0,37.0,2.0
Kevin Pietersen,DEC,153.3166666666667,235.0,20.0
Kevin Pietersen,MI,169.1325,165.0,9.0
Kevin Pietersen,PBKS,148.19333333333336,173.0,2.0
Kevin Pietersen,PWI,133.85,59.0,5.0
Kevin Pietersen,RR,178.08,156.0,4.0
Kevin Pietersen,SRH,184.21,70.0,4.0
Kevon Cooper,DC,200.0,32.0,3.0
Kevon Cooper,MI,233.33,14.0,2.0
Kieron Pollard,CSK,199.53375,750.0,61.0
Kieron Pollard,DC,222.965,197.0,16.0
Kieron Pollard,DEC,133.33,24.0,3.0
Kieron Pollard,GL,169.56,39.0,3.0
Kieron Pollard,KKR,277.9166666666667,88.0,10.0
Kieron Pollard,LSG,150.71333333333334,69.0,5.0
Kieron Pollard,PBKS,207.022,399.0,36.0
Kieron Pollard,PWI,133.33,28.0,2.0
Kieron Pollard,RCB,199.26714285714283,596.0,39.0
Kieron Pollard,RR,163.82333333333335,312.0,20.0
Kieron Pollard,SRH,183.20833333333334,291.0,28.0
Krishnappa Gowtham,CSK,325.0,13.0,2.0
Krishnappa Gowtham,MI,300.0,66.0,4.0
Krishnappa Gowtham,RCB,280.0,14.0,2.0
Krunal Pandya,CSK,160.775,156.0,7.0
Krunal Pandya,DC,197.10285714285715,332.0,18.0
Krunal Pandya,GT,130.765,26.0,0.0
Krunal Pandya,KKR,121.295,70.0,0.0
Krunal Pandya,PBKS,182.4975,103.0,5.0
Krunal Pandya,RCB,150.0,84.0,4.0
Krunal Pandya,RR,128.51,111.0,4.0
Krunal Pandya,SRH,265.0,112.0,8.0
Kuldeep Yadav,GT,100.0,14.0,1.0
Kuldeep Yadav,LSG,200.0,32.0,2.0
Kuldeep Yadav,RCB,142.85,10.0,0.0
Kumar Sangakkara,CSK,154.92,141.0,4.0
Kumar Sangakkara,DC,117.90000000000002,136.0,1.0
Kumar Sangakkara,DEC,167.6925,208.0,6.0
Kumar Sangakkara,KKR,147.6225,194.0,6.0
Kumar Sangakkara,KTK,138.29,65.0,0.0
Kumar Sangakkara,MI,150.59,150.0,2.0
Kumar Sangakkara,PBKS,125.0,35.0,0.0
Kumar Sangakkara,PWI,157.69,164.0,4.0
Kumar Sangakkara,RCB,166.66,45.0,0.0
Kumar Sangakkara,RR,159.40333333333334,133.0,2.0
Lalit Yadav,GT,113.63,50.0,2.0
Lalit Yadav,KKR,75.86,44.0,2.0
Lalit Yadav,MI,126.31,96.0,4.0
Lalit Yadav,PBKS,114.28,48.0,2.0
Lalit Yadav,RR,154.16,74.0,4.0
Laxmi Ratan Shukla,CSK,148.635,59.0,3.0
Laxmi Ratan Shukla,DC,152.94,26.0,2.0
Laxmi Ratan Shukla,DEC,466.66,14.0,1.0
Laxmi Ratan Shukla,MI,181.81,80.0,4.0
Laxmi Ratan Shukla,RR,104.34,96.0,4.0
Lee Carseldine,DEC,121.87,39.0,0.0
Lendl Simmons,CSK,146.842,335.0,19.0
Lendl Simmons,DC,148.98666666666665,167.0,8.0
Lendl Simmons,PBKS,164.676,389.0,13.0
Lendl Simmons,RCB,131.195,254.0,10.0
Lendl Simmons,RR,122.07,100.0,3.0
Lendl Simmons,SRH,131.14000000000001,187.0,9.0
Liam Livingstone,CSK,229.46,158.0,14.0
Liam Livingstone,GT,268.515,188.0,14.0
Liam Livingstone,KKR,118.75,38.0,2.0
Liam Livingstone,LSG,112.5,18.0,2.0
Liam Livingstone,RCB,174.43999999999997,159.0,10.0
Liam Livingstone,RR,157.14,44.0,4.0
Liam Livingstone,SRH,191.25333333333333,306.0,24.0
Lockie Ferguson,PBKS,166.66,5.0,0.0
Luke Pomersbach,CSK,161.11,29.0,2.0
Luke Pomersbach,DC,208.33,25.0,3.0
Luke Pomersbach,MI,158.0,158.0,6.0
Luke Pomersbach,RCB,141.66,34.0,2.0
Luke Wright,DC,191.3,44.0,1.0
Luke Wright,PBKS,340.0,34.0,1.0
MF Maharoof,DEC,172.72,19.0,2.0
MF Maharoof,MI,154.695,48.0,2.0
MF Maharoof,RR,243.75,39.0,4.0
MS Dhoni,DC,208.21583333333334,491.0,34.0
MS Dhoni,DEC,149.85666666666665,137.0,4.0
MS Dhoni,GL,166.66,30.0,2.0
MS Dhoni,KKR,168.29125,381.0,17.0
MS Dhoni,LSG,266.66,32.0,2.0
MS Dhoni,MI,172.91266666666667,612.0,33.0
MS Dhoni,PBKS,167.60684210526315,867.0,48.0
MS Dhoni,PWI,281.25,90.0,6.0
MS Dhoni,RCB,180.97285714285712,716.0,52.0
MS Dhoni,RR,150.45,359.0,21.0
MS Dhoni,SRH,160.72181818181818,535.0,31.0
Maheesh Theekshana,RCB,175.0,7.0,1.0
Mahela Jayawardena,CSK,180.792,219.0,10.0
Mahela Jayawardena,DC,211.76,36.0,2.0
Mahela Jayawardena,DEC,162.305,274.0,8.0
Mahela Jayawardena,KKR,142.21375,489.0,10.0
Mahela Jayawardena,MI,148.98,201.0,1.0
Mahela Jayawardena,PBKS,135.52666666666667,208.0,4.0
Mahela Jayawardena,RCB,146.15,19.0,0.0
Mahela Jayawardena,RR,133.33,44.0,1.0
Mahipal Lomror,CSK,155.55,84.0,4.0
Mahipal Lomror,GT,200.0,32.0,2.0
Mahipal Lomror,LSG,155.55,14.0,0.0
Mahipal Lomror,PBKS,226.47,49.0,5.0
Mahipal Lomror,RCB,120.51,47.0,3.0
Manan Vohra,DC,174.7775,163.0,8.0
Manan Vohra,GL,165.21,76.0,4.0
Manan Vohra,KKR,135.47166666666666,252.0,11.0
Manan Vohra,MI,145.16,45.0,4.0
Manan Vohra,PWI,153.57,43.0,0.0
Manan Vohra,RCB,169.11333333333334,72.0,5.0
Manan Vohra,RPS,154.54,51.0,0.0
Manan Vohra,SRH,212.5,284.0,14.0
Mandeep Singh,CSK,145.815,139.0,6.0
Mandeep Singh,DC,167.5,45.0,0.0
Mandeep Singh,DEC,150.83333333333334,178.0,6.0
Mandeep Singh,GT,112.5,18.0,0.0
Mandeep Singh,KKR,188.82625000000002,329.0,13.0
Mandeep Singh,PBKS,115.0,46.0,2.0
Mandeep Singh,PWI,132.75,77.0,0.0
Mandeep Singh,RCB,143.33,43.0,1.0
Mandeep Singh,RR,155.328,216.0,5.0
Mandeep Singh,SRH,150.0,24.0,0.0
Manish Pandey,CSK,149.31799999999998,304.0,7.0
Manish Pandey,DC,136.85857142857142,429.0,14.0
Manish Pandey,DEC,136.41,326.0,12.0
Manish Pandey,GT,120.0,6.0,0.0
Manish Pandey,KKR,139.52499999999998,127.0,4.0
Manish Pandey,MI,150.90642857142856,787.0,33.0
Manish Pandey,PBKS,167.2025,248.0,15.0
Manish Pandey,RCB,140.055,253.0,8.0
Manish Pandey,RR,156.72333333333333,354.0,22.0
Manish Pandey,SRH,127.668,149.0,9.0
Manoj Tiwary,CSK,180.0,27.0,2.0
Manoj Tiwary,DC,132.14666666666668,181.0,9.0
Manoj Tiwary,DEC,142.85,30.0,2.0
Manoj Tiwary,KKR,114.28,32.0,0.0
Manoj Tiwary,MI,146.175,134.0,2.0
Manoj Tiwary,PBKS,151.9375,229.0,6.0
Manoj Tiwary,RCB,196.75666666666666,127.0,6.0
Manoj Tiwary,RR,132.5533333333333,181.0,4.0
Manpreet Gony,DC,300.0,6.0,1.0
Manpreet Gony,DEC,250.0,15.0,2.0
Manpreet Gony,KKR,233.33,84.0,6.0
Manpreet Juneja,MI,122.5,49.0,0.0
Manvinder Bisla,CSK,168.11,362.0,14.0
Manvinder Bisla,PBKS,115.9,51.0,3.0
Manvinder Bisla,RCB,150.90666666666667,196.0,11.0
Manvinder Bisla,RR,177.24333333333334,90.0,4.0
Manvinder Bisla,SRH,116.66,28.0,0.0
Marco Jansen,GT,160.0,8.0,1.0
Marcus Stoinis,CSK,171.42,24.0,2.0
Marcus Stoinis,DC,106.25,34.0,2.0
Marcus Stoinis,GL,150.0,33.0,0.0
Marcus Stoinis,KKR,200.0,56.0,6.0
Marcus Stoinis,MI,146.76000000000002,169.0,9.0
Marcus Stoinis,PBKS,203.7625,180.0,9.0
Marcus Stoinis,RCB,165.536,163.0,7.0
Marcus Stoinis,RR,178.936,169.0,16.0
Marcus Stoinis,SRH,140.74,38.0,1.0
Mark Boucher,DC,155.45999999999998,67.0,4.0
Mark Boucher,KKR,158.65,75.0,2.0
Mark Boucher,MI,185.32333333333335,126.0,6.0
Marlon Samuels,RCB,170.0,34.0,2.0
Martin Guptill,DC,168.5275,184.0,13.0
Martin Guptill,MI,200.0,36.0,1.0
Martin Guptill,SRH,209.09,23.0,1.0
Matthew Hayden,DC,202.53000000000003,330.0,21.0
Matthew Hayden,DEC,156.325,152.0,8.0
Matthew Hayden,KKR,142.85,140.0,6.0
Matthew Hayden,MI,149.958,286.0,6.0
Matthew Hayden,PBKS,145.786,269.0,17.0
Matthew Hayden,RCB,160.296,282.0,10.0
Matthew Hayden,RR,135.495,82.0,2.0
Matthew Wade,CSK,133.33,20.0,0.0
Matthew Wade,LSG,123.145,40.0,0.0
Matthew Wade,PBKS,85.71,6.0,0.0
Matthew Wade,RCB,123.07,32.0,2.0
Matthew Wade,RR,132.22,55.0,1.0
Matthew Wade,SRH,100.0,19.0,0.0
Mayank Agarwal,CSK,152.29999999999998,202.0,8.0
Mayank Agarwal,DC,168.76285714285717,538.0,24.0
Mayank Agarwal,DEC,300.0,18.0,2.0
Mayank Agarwal,GT,55.55,5.0,0.0
Mayank Agarwal,KKR,154.1,154.0,5.0
Mayank Agarwal,KTK,137.5,33.0,2.0
Mayank Agarwal,LSG,147.05,50.0,4.0
Mayank Agarwal,MI,177.30375,384.0,19.0
Mayank Agarwal,PBKS,137.77333333333334,188.0,5.0
Mayank Agarwal,RCB,145.94333333333333,348.0,15.0
Mayank Agarwal,RR,175.71875,458.0,24.0
Mayank Agarwal,SRH,137.26,109.0,5.0
Michael Clarke,DEC,132.25,41.0,0.0
Michael Hussey,CSK,118.18,39.0,1.0
Michael Hussey,DC,143.626,280.0,9.0
Michael Hussey,DEC,112.19,46.0,0.0
Michael Hussey,KKR,146.952,356.0,14.0
Michael Hussey,MI,136.60500000000002,262.0,5.0
Michael Hussey,PBKS,187.03,404.0,22.0
Michael Hussey,PWI,127.08,61.0,1.0
Michael Hussey,RCB,138.41,193.0,6.0
Michael Hussey,RR,152.18,331.0,6.0
Michael Hussey,SRH,166.29500000000002,224.0,12.0
Michael Lumb,CSK,164.9,67.0,3.0
Michael Lumb,DEC,140.62,45.0,0.0
Michael Lumb,PBKS,174.23333333333335,207.0,4.0
Misbah-ul-Haq,DC,188.0,47.0,4.0
Mitchell Marsh,CSK,125.0,50.0,2.0
Mitchell Marsh,DEC,132.14,37.0,3.0
Mitchell Marsh,KKR,185.71,13.0,0.0
Mitchell Marsh,LSG,185.0,74.0,6.0
Mitchell Marsh,MI,146.15,38.0,2.0
Mitchell Marsh,PBKS,131.25,126.0,6.0
Mitchell Marsh,RR,151.24666666666667,213.0,17.0
Mitchell Marsh,SRH,142.85,10.0,0.0
Mitchell McClenaghan,KKR,250.0,20.0,3.0
Mitchell McClenaghan,RCB,300.0,12.0,2.0
Mitchell Santner,MI,122.22,11.0,0.0
Mitchell Santner,PBKS,60.0,9.0,0.0
Mitchell Starc,PBKS,126.08,29.0,0.0
Mithun Manhas,CSK,145.45,32.0,0.0
Mithun Manhas,DEC,157.14,22.0,2.0
Mithun Manhas,MI,123.52,42.0,0.0
Mithun Manhas,PBKS,109.37,35.0,1.0
Moeen Ali,CSK,162.5,26.0,0.0
Moeen Ali,DC,175.6925,113.0,7.0
Moeen Ali,GT,123.52,21.0,2.0
Moeen Ali,KKR,216.1875,194.0,17.0
Moeen Ali,LSG,159.09,70.0,4.0
Moeen Ali,MI,159.49,166.0,15.0
Moeen Ali,PBKS,148.38,46.0,1.0
Moeen Ali,RCB,126.53666666666668,91.0,6.0
Moeen Ali,RR,152.1,212.0,8.0
Moeen Ali,SRH,155.14999999999998,161.0,10.0
Mohammad Kaif,DEC,212.5,34.0,3.0
Mohammad Nabi,MI,155.0,31.0,2.0
Mohammad Nabi,PBKS,200.0,20.0,2.0
Mohammad Nabi,RR,340.0,17.0,2.0
Mohammed Siraj,CSK,127.27,14.0,0.0
Mohammed Siraj,PBKS,69.23,9.0,0.0
Mohammed Siraj,RR,100.0,5.0,0.0
Mohit Sharma,MI,300.0,21.0,2.0
Mohnish Mishra,KKR,181.25,29.0,0.0
Mohnish Mishra,KTK,176.19,37.0,2.0
Mohnish Mishra,RCB,136.66,41.0,3.0
Mohsin Khan,PBKS,216.66,26.0,2.0
Mohsin Khan,RR,128.57,9.0,0.0
Moises Henriques,CSK,211.11,19.0,2.0
Moises Henriques,DC,160.86,74.0,5.0
Moises Henriques,GL,133.33,52.0,0.0
Moises Henriques,KKR,147.61,31.0,2.0
Moises Henriques,MI,125.71,44.0,0.0
Moises Henriques,PWI,207.69,27.0,1.0
Moises Henriques,RCB,220.03499999999997,197.0,13.0
Moises Henriques,RPS,196.42,110.0,4.0
Moises Henriques,SRH,110.0,44.0,0.0
Morne Morkel,PBKS,325.0,13.0,2.0
Mukesh Choudhary,MI,100.0,4.0,0.0
Munaf Patel,DC,230.0,23.0,0.0
Murali Vijay,DC,166.4725,299.0,9.0
Murali Vijay,GL,128.82999999999998,97.0,1.0
Murali Vijay,KKR,130.85,197.0,6.0
Murali Vijay,KTK,155.55,28.0,0.0
Murali Vijay,MI,126.95666666666666,237.0,10.0
Murali Vijay,PBKS,172.09,148.0,8.0
Murali Vijay,RCB,176.79285714285714,498.0,29.0
Murali Vijay,RPS,131.98666666666668,171.0,8.0
Murali Vijay,RR,166.01,446.0,29.0
Murali Vijay,SRH,136.11,105.0,5.0
Murugan Ashwin,LSG,300.0,6.0,1.0
Murugan Ashwin,RR,75.0,6.0,0.0
Naman Ojha,CSK,169.378,373.0,24.0
Naman Ojha,DC,265.8666666666666,64.0,4.0
Naman Ojha,DEC,139.13,64.0,5.0
Naman Ojha,KKR,160.702,130.0,8.0
Naman Ojha,PBKS,176.99166666666667,357.0,27.0
Naman Ojha,RCB,139.71,120.0,8.0
Narayan Jagadeesan,RCB,117.85,33.0,0.0
Nathan Coulter-Nile,PBKS,200.0,24.0,0.0
Nicholas Pooran,CSK,199.12,202.0,18.0
Nicholas Pooran,DC,185.815,230.0,18.0
Nicholas Pooran,GT,188.88,68.0,4.0
Nicholas Pooran,KKR,177.77,48.0,4.0
Nicholas Pooran,LSG,141.66,68.0,4.0
Nicholas Pooran,MI,177.1,144.0,10.0
Nicholas Pooran,PBKS,116.66,70.0,2.0
Nicholas Pooran,RCB,145.23333333333335,84.0,7.0
Nicholas Pooran,RR,225.98333333333335,79.0,8.0
Nicholas Pooran,SRH,208.73333333333335,175.0,16.0
Niraj Patel,PBKS,146.15,57.0,0.0
Nitin Saini,MI,120.0,30.0,0.0
Nitin Saini,RCB,138.88,50.0,0.0
Nitish Rana,CSK,133.07,216.0,10.0
Nitish Rana,DC,160.0,495.0,30.0
Nitish Rana,GL,170.82999999999998,246.0,12.0
Nitish Rana,KKR,172.41,100.0,6.0
Nitish Rana,LSG,190.9,42.0,0.0
Nitish Rana,MI,153.262,177.0,14.0
Nitish Rana,PBKS,157.285,181.0,19.0
Nitish Rana,RCB,186.084,227.0,14.0
Nitish Rana,RR,146.675,132.0,6.0
Nitish Rana,SRH,155.5622222222222,482.0,24.0
Obed McCoy,GT,160.0,8.0,1.0
Odean Smith,KKR,75.0,9.0,1.0
Odean Smith,RCB,312.5,50.0,6.0
Odean Smith,SRH,86.66,13.0,1.0
Owais Shah,CSK,120.93,52.0,3.0
Owais Shah,DEC,126.08,58.0,3.0
Owais Shah,MI,180.95,152.0,10.0
Owais Shah,PBKS,191.66,23.0,2.0
Owais Shah,RCB,230.76,120.0,10.0
Owais Shah,RR,111.76,19.0,2.0
Paras Dogra,DC,111.53,29.0,2.0
Paras Dogra,MI,141.37,41.0,2.0
Parthiv Patel,CSK,139.956,230.0,8.0
Parthiv Patel,DC,152.102,186.0,4.0
Parthiv Patel,GL,159.09,70.0,1.0
Parthiv Patel,KKR,129.295,72.0,0.0
Parthiv Patel,MI,149.73666666666668,109.0,0.0
Parthiv Patel,PBKS,158.61375,799.0,25.0
Parthiv Patel,RCB,133.33,36.0,0.0
Parthiv Patel,RPS,135.0,73.0,3.0
Parthiv Patel,RR,142.568,236.0,5.0
Parthiv Patel,SRH,151.39000000000001,110.0,0.0
Pat Cummins,CSK,194.11,132.0,12.0
Pat Cummins,DC,133.33,4.0,0.0
Pat Cummins,MI,263.21999999999997,251.0,20.0
Paul Collingwood,DEC,121.42,51.0,3.0
Paul Collingwood,KKR,117.77,53.0,2.0
Paul Collingwood,RCB,163.04,75.0,7.0
Paul Valthaty,CSK,190.47,240.0,4.0
Paul Valthaty,DC,129.33333333333334,138.0,8.0
Paul Valthaty,DEC,159.57,150.0,10.0
Paul Valthaty,KTK,170.0,17.0,2.0
Paul Valthaty,RR,148.38,92.0,6.0
Pawan Negi,GL,168.42,32.0,2.0
Pawan Negi,KKR,207.69,27.0,1.0
Pawan Negi,MI,181.96499999999997,71.0,4.0
Pinal Shah,DEC,152.63,58.0,4.0
Piyush Chawla,DEC,185.71,13.0,2.0
Piyush Chawla,RR,218.18,24.0,0.0
Piyush Chawla,SRH,153.33,23.0,2.0
Praveen Kumar,CSK,200.0,12.0,1.0
Praveen Kumar,DEC,233.33,14.0,2.0
Praveen Kumar,KKR,120.0,18.0,2.0
Praveen Kumar,MI,160.0,24.0,2.0
Praveen Kumar,PBKS,185.71,13.0,1.0
Praveen Kumar,RR,144.165,41.0,4.0
Prerak Mankad,SRH,400.0,4.0,0.0
Prithvi Shaw,CSK,171.785,352.0,13.0
Prithvi Shaw,GT,142.85,10.0,0.0
Prithvi Shaw,KKR,177.456,672.0,28.0
Prithvi Shaw,LSG,143.41333333333333,127.0,4.0
Prithvi Shaw,MI,131.335,124.0,6.0
Prithvi Shaw,PBKS,199.1,175.0,7.0
Prithvi Shaw,RCB,153.53375,258.0,10.0
Prithvi Shaw,RR,162.515,168.0,10.0
Prithvi Shaw,SRH,158.342,295.0,11.0
Priyam Garg,CSK,196.15,51.0,1.0
Priyam Garg,DC,141.66,17.0,2.0
Priyam Garg,MI,161.53,84.0,4.0
Quinton De Kock,CSK,135.55,61.0,0.0
Quinton De Kock,DC,165.38,206.0,6.0
Quinton De Kock,GT,93.88499999999999,18.0,1.0
Quinton De Kock,KKR,186.20499999999998,380.0,26.0
Quinton De Kock,MI,160.11,58.0,3.0
Quinton De Kock,PBKS,124.32,92.0,4.0
Quinton De Kock,RCB,120.0,6.0,1.0
Quinton De Kock,RR,110.41333333333334,85.0,2.0
Quinton de Kock,CSK,148.14166666666668,223.0,13.0
Quinton de Kock,DC,155.7975,173.0,8.0
Quinton de Kock,KKR,149.374,296.0,15.0
Quinton de Kock,MI,142.85,80.0,4.0
Quinton de Kock,PBKS,150.05857142857144,381.0,13.0
Quinton de Kock,RCB,171.48857142857145,494.0,17.0
Quinton de Kock,RR,141.98857142857142,435.0,15.0
Quinton de Kock,SRH,151.39444444444445,454.0,18.0
Rahul Chahar,CSK,150.0,24.0,2.0
Rahul Chahar,DC,102.08,74.0,4.0
Rahul Chahar,GT,157.14,44.0,2.0
Rahul Chahar,LSG,100.0,4.0,0.0
Rahul Dravid,CSK,120.91333333333334,157.0,0.0
Rahul Dravid,DC,119.63714285714286,356.0,5.0
Rahul Dravid,DEC,147.48142857142858,287.0,7.0
Rahul Dravid,KKR,133.61333333333332,132.0,4.0
Rahul Dravid,KTK,118.91,44.0,1.0
Rahul Dravid,MI,125.28999999999999,86.0,0.0
Rahul Dravid,PBKS,123.675,112.0,1.0
Rahul Dravid,PWI,128.75,112.0,1.0
Rahul Dravid,RCB,123.44666666666667,130.0,0.0
Rahul Dravid,RR,184.72000000000003,216.0,13.0
Rahul Tewatia,CSK,133.33,20.0,2.0
Rahul Tewatia,DC,175.0,28.0,2.0
Rahul Tewatia,KKR,131.94,61.0,2.0
Rahul Tewatia,LSG,156.94,102.0,4.0
Rahul Tewatia,PBKS,302.145,66.0,9.0
Rahul Tewatia,RCB,178.36399999999998,190.0,11.0
Rahul Tewatia,SRH,170.472,176.0,8.0
Rahul Tripathi,CSK,189.41666666666666,324.0,12.0
Rahul Tripathi,DC,156.48,80.0,5.0
Rahul Tripathi,GL,194.11,33.0,2.0
Rahul Tripathi,GT,157.26999999999998,66.0,4.0
Rahul Tripathi,KKR,165.95285714285714,402.0,27.0
Rahul Tripathi,LSG,146.66,88.0,2.0
Rahul Tripathi,MI,168.596,345.0,14.0
Rahul Tripathi,PBKS,133.23666666666665,177.0,5.0
Rahul Tripathi,RCB,157.94833333333335,308.0,11.0
Rahul Tripathi,RR,126.58000000000001,75.0,4.0
Rahul Tripathi,SRH,163.325,224.0,10.0
Rajagopal Sathish,SRH,138.88,25.0,2.0
Rajangad Bawa,KKR,84.61,11.0,0.0
Rajat Bhatia,CSK,233.33,21.0,2.0
Rajat Bhatia,PBKS,266.66,16.0,2.0
Rajat Patidar,CSK,140.0,42.0,2.0
Rajat Patidar,DC,140.9,31.0,2.0
Rajat Patidar,GT,162.5,104.0,4.0
Rajat Patidar,LSG,207.4,224.0,14.0
Rajat Patidar,PBKS,123.8,52.0,4.0
Rajat Patidar,RR,125.39333333333333,132.0,7.0
Rajat Patidar,SRH,126.31,96.0,4.0
Rajesh Bishnoi,PBKS,128.57,18.0,2.0
Ramandeep Singh,DC,216.66,13.0,0.0
Ramandeep Singh,SRH,233.33,28.0,2.0
Ramesh Powar,CSK,133.33,28.0,1.0
Rashid Khan,CSK,268.6466666666667,97.0,8.0
Rashid Khan,KKR,340.0,34.0,4.0
Rashid Khan,RCB,316.66,38.0,4.0
Rashid Khan,SRH,281.81,31.0,4.0
Rasikh Salam,DC,116.66,7.0,0.0
Rassie van der Dussen,DC,120.0,12.0,0.0
Rassie van der Dussen,LSG,100.0,4.0,0.0
Ravi Bopara,CSK,146.66,22.0,2.0
Ravi Bopara,DC,130.27333333333334,119.0,6.0
Ravi Bopara,DEC,118.75,38.0,0.0
Ravi Bopara,RCB,148.185,322.0,14.0
Ravichandran Ashwin,CSK,173.91,80.0,6.0
Ravichandran Ashwin,DC,131.57,100.0,4.0
Ravichandran Ashwin,GT,100.0,8.0,1.0
Ravichandran Ashwin,KKR,204.54,90.0,6.0
Ravichandran Ashwin,LSG,132.29,38.0,2.0
Ravichandran Ashwin,MI,233.33,42.0,2.0
Ravichandran Ashwin,RCB,188.88,17.0,0.0
Ravichandran Ashwin,RR,425.0,17.0,2.0
Ravindra Jadeja,CSK,204.38,43.0,3.0
Ravindra Jadeja,DC,204.078,129.0,10.0
Ravindra Jadeja,DEC,165.51,48.0,3.0
Ravindra Jadeja,GT,183.33,22.0,2.0
Ravindra Jadeja,KKR,208.37666666666667,175.0,12.0
Ravindra Jadeja,LSG,188.88,17.0,0.0
Ravindra Jadeja,MI,166.17333333333332,88.0,3.0
Ravindra Jadeja,PBKS,191.3,144.0,5.0
Ravindra Jadeja,PWI,160.29333333333332,135.0,7.0
Ravindra Jadeja,RCB,221.42,124.0,10.0
Ravindra Jadeja,RR,164.995,67.0,1.0
Ravindra Jadeja,SRH,148.09,146.0,6.0
Richard Levi,CSK,142.85,100.0,6.0
Rilee Rossouw,MI,171.42,24.0,2.0
Rinku Singh,DC,143.75,23.0,0.0
Rinku Singh,GT,125.0,70.0,2.0
Rinku Singh,LSG,266.66,80.0,8.0
Rinku Singh,MI,121.05,46.0,2.0
Rinku Singh,RR,182.6,84.0,2.0
Ripal Patel,CSK,200.0,6.0,1.0
Rishabh Pant,CSK,167.142,267.0,10.0
Rishabh Pant,GL,199.04000000000002,332.0,22.0
Rishabh Pant,GT,148.27,43.0,0.0
Rishabh Pant,KKR,186.98,265.0,14.0
Rishabh Pant,LSG,127.495,166.0,6.0
Rishabh Pant,MI,177.574,568.0,32.0
Rishabh Pant,PBKS,199.57000000000002,74.0,4.0
Rishabh Pant,RCB,167.249,557.0,34.0
Rishabh Pant,RPS,156.0533333333333,103.0,6.0
Rishabh Pant,RR,211.07555555555555,499.0,29.0
Rishabh Pant,SRH,176.48444444444442,502.0,32.0
Rishi Dhawan,LSG,95.45,42.0,2.0
Rishi Dhawan,RCB,233.33,7.0,1.0
Rishi Dhawan,RR,250.0,5.0,0.0
Riyan Parag,CSK,100.0,10.0,0.0
Riyan Parag,DC,180.0,9.0,1.0
Riyan Parag,GT,108.33333333333333,51.0,2.0
Riyan Parag,KKR,157.30800000000002,137.0,8.0
Riyan Parag,LSG,159.375,27.0,2.0
Riyan Parag,MI,136.635,48.0,1.0
Riyan Parag,PBKS,227.27,25.0,3.0
Riyan Parag,RCB,172.51,137.0,8.0
Riyan Parag,SRH,147.43,54.0,2.0
Rob Quiney,CSK,90.32,28.0,0.0
Rob Quiney,KKR,300.0,6.0,1.0
Rob Quiney,MI,127.5,102.0,4.0
Robin Uthappa,CSK,160.5411111111111,425.0,18.0
Robin Uthappa,DC,149.40571428571428,734.0,27.0
Robin Uthappa,DEC,170.0,34.0,3.0
Robin Uthappa,GL,150.0,144.0,4.0
Robin Uthappa,KKR,163.84285714285716,249.0,17.0
Robin Uthappa,KTK,238.46,31.0,2.0
Robin Uthappa,LSG,185.18,100.0,2.0
Robin Uthappa,MI,145.23076923076923,641.0,30.0
Robin Uthappa,PBKS,172.99384615384616,583.0,24.0
Robin Uthappa,RCB,158.54,778.0,39.0
Robin Uthappa,RPS,185.1,174.0,12.0
Robin Uthappa,RR,150.76125,359.0,14.0
Robin Uthappa,SRH,156.7490909090909,460.0,23.0
Roelof van der Merwe,DEC,140.075,55.0,4.0
Roelof van der Merwe,PBKS,184.21,70.0,6.0
Rohit Sharma,CSK,158.63,743.0,30.0
Rohit Sharma,DC,148.7836842105263,1018.0,58.0
Rohit Sharma,DEC,155.35,258.0,16.0
Rohit Sharma,GL,176.47,60.0,4.0
Rohit Sharma,GT,153.57,86.0,4.0
Rohit Sharma,KKR,149.60473684210527,1154.0,45.0
Rohit Sharma,LSG,112.43666666666667,84.0,2.0
Rohit Sharma,MI,160.71,45.0,2.0
Rohit Sharma,PBKS,167.44,984.0,51.0
Rohit Sharma,PWI,193.75,62.0,5.0
Rohit Sharma,RCB,161.993125,857.0,42.0
Rohit Sharma,RPS,145.185,286.0,12.0
Rohit Sharma,RR,159.274,445.0,21.0
Rohit Sharma,SRH,137.01142857142858,306.0,16.0
Romario Shepherd,LSG,100.0,8.0,1.0
Romario Shepherd,PBKS,173.33,52.0,4.0
Romario Shepherd,RR,133.33,24.0,2.0
Ross Taylor,CSK,156.32,94.0,7.0
Ross Taylor,DC,207.22000000000003,76.0,8.0
Ross Taylor,DEC,142.5,48.0,3.0
Ross Taylor,KKR,210.29999999999998,197.0,12.0
Ross Taylor,MI,202.97,38.0,4.0
Ross Taylor,PBKS,159.09,70.0,4.0
Ross Taylor,PWI,134.28,47.0,2.0
Ross Taylor,RCB,211.53,110.0,4.0
Ross Taylor,RR,220.0,88.0,6.0
Rovman Powell,GT,166.66,40.0,2.0
Rovman Powell,KKR,181.94333333333336,74.0,7.0
Rovman Powell,LSG,166.66,70.0,4.0
Rovman Powell,MI,126.47,86.0,8.0
Rovman Powell,RR,240.0,36.0,5.0
Rovman Powell,SRH,191.42,134.0,12.0
Ruturaj Gaikwad,DC,132.12,222.0,6.0
Ruturaj Gaikwad,GT,130.12,252.0,12.0
Ruturaj Gaikwad,KKR,143.858,312.0,15.0
Ruturaj Gaikwad,MI,140.03333333333333,183.0,8.0
Ruturaj Gaikwad,PBKS,118.82,92.0,1.0
Ruturaj Gaikwad,RCB,126.10857142857142,274.0,10.0
Ruturaj Gaikwad,RR,168.33,202.0,10.0
Ruturaj Gaikwad,SRH,151.85999999999999,334.0,14.0
Ryan McLaren,PWI,118.6,51.0,1.0
Ryan ten Doeschate,CSK,135.71,38.0,2.0
Ryan ten Doeschate,MI,142.85,140.0,6.0
Ryan ten Doeschate,PBKS,170.0,17.0,2.0
Sachin Baby,MI,192.3,25.0,2.0
Sachin Tendulkar,CSK,132.454,298.0,2.0
Sachin Tendulkar,DC,141.31666666666666,163.0,2.0
Sachin Tendulkar,DEC,133.64000000000001,162.0,4.0
Sachin Tendulkar,KKR,139.69,397.0,12.0
Sachin Tendulkar,KTK,151.51,200.0,6.0
Sachin Tendulkar,PBKS,141.335,106.0,1.0
Sachin Tendulkar,PWI,125.86,68.0,1.0
Sachin Tendulkar,RCB,144.1925,143.0,0.0
Sachin Tendulkar,RR,137.1825,276.0,5.0
Sai Sudharsan,MI,127.27,28.0,2.0
Sai Sudharsan,PBKS,123.33,200.0,4.0
Sai Sudharsan,RCB,142.85,20.0,0.0
Sai Sudharsan,SRH,122.22,11.0,0.0
Salman Butt,CSK,135.18,73.0,1.0
Salman Butt,DC,109.09,48.0,0.0
Salman Butt,PBKS,126.31,24.0,0.0
Salman Butt,RR,120.0,24.0,0.0
Sam Billings,CSK,113.63,50.0,2.0
Sam Billings,DC,166.66,30.0,2.0
Sam Billings,GT,100.0,4.0,0.0
Sam Billings,KKR,201.14499999999998,110.0,7.0
Sam Billings,LSG,150.0,72.0,6.0
Sam Billings,MI,141.66,17.0,2.0
Sam Billings,PBKS,115.39333333333333,103.0,2.0
Sam Billings,RCB,93.33,14.0,1.0
Sam Billings,RPS,150.58499999999998,48.0,2.0
Sam Billings,SRH,117.24,68.0,2.0
Sam Curran,DC,226.66,68.0,4.0
Sam Curran,KKR,229.16,110.0,4.0
Sam Curran,MI,300.0,18.0,2.0
Sam Curran,RR,283.33,17.0,2.0
Sam Curran,SRH,223.805,46.0,4.0
Sanath Jayasuriya,CSK,189.95833333333334,334.0,26.0
Sanath Jayasuriya,DC,181.93999999999997,174.0,11.0
Sanath Jayasuriya,DEC,240.0,72.0,4.0
Sanath Jayasuriya,KKR,242.4,148.0,10.0
Sanath Jayasuriya,PBKS,166.66,20.0,2.0
Sanath Jayasuriya,RCB,140.292,218.0,10.0
Sanjay Bangar,RCB,242.85,17.0,2.0
Sanju Samson,CSK,143.9625,143.0,11.0
Sanju Samson,DC,176.19,270.0,14.0
Sanju Samson,GL,196.77,61.0,7.0
Sanju Samson,GT,147.1975,119.0,7.0
Sanju Samson,KKR,149.99444444444444,405.0,16.0
Sanju Samson,LSG,120.83000000000001,45.0,0.0
Sanju Samson,MI,166.0323076923077,647.0,31.0
Sanju Samson,PBKS,179.35399999999998,675.0,40.0
Sanju Samson,RCB,144.8111111111111,354.0,28.0
Sanju Samson,RPS,161.9,204.0,10.0
Sanju Samson,SRH,163.69333333333333,726.0,34.0
Sarfaraz Khan,CSK,147.61,31.0,0.0
Sarfaraz Khan,DC,134.48,39.0,0.0
Sarfaraz Khan,LSG,128.57,36.0,0.0
Sarfaraz Khan,MI,149.2,38.0,3.0
Sarfaraz Khan,PBKS,164.1,76.0,2.0
Sarfaraz Khan,RR,186.45,91.0,2.0
Sarfaraz Khan,SRH,350.0,70.0,4.0
Saurabh Tiwary,CSK,124.25999999999999,92.0,3.0
Saurabh Tiwary,DC,155.14333333333335,160.0,8.0
Saurabh Tiwary,DEC,125.71,44.0,3.0
Saurabh Tiwary,KKR,122.625,98.0,1.0
Saurabh Tiwary,MI,128.95499999999998,78.0,4.0
Saurabh Tiwary,PBKS,134.78,31.0,2.0
Saurabh Tiwary,PWI,136.035,88.0,4.0
Saurabh Tiwary,RCB,150.53500000000003,104.0,4.0
Saurabh Tiwary,RR,164.3,168.0,7.0
Scott Styris,RCB,175.0,14.0,1.0
Sean Abbott,DC,140.0,7.0,1.0
Shahbaz Ahmed,CSK,151.85,41.0,0.0
Shahbaz Ahmed,DC,152.38,64.0,2.0
Shahbaz Ahmed,KKR,135.0,27.0,3.0
Shahbaz Ahmed,LSG,118.18,26.0,0.0
Shahbaz Ahmed,RR,141.82,131.0,9.0
Shahbaz Ahmed,SRH,58.33,7.0,0.0
Shahid Afridi,CSK,333.33,20.0,2.0
Shahid Afridi,DC,235.71,33.0,2.0
Shahrukh Khan,CSK,130.55,94.0,4.0
Shahrukh Khan,GT,187.5,15.0,2.0
Shahrukh Khan,KKR,244.44,22.0,2.0
Shahrukh Khan,MI,250.0,15.0,2.0
Shahrukh Khan,RCB,120.0,48.0,4.0
Shahrukh Khan,SRH,139.022,112.0,8.0
Shakib Al Hasan,CSK,219.04,92.0,4.0
Shakib Al Hasan,GL,134.69,66.0,4.0
Shakib Al Hasan,MI,162.5,26.0,0.0
Shakib Al Hasan,PBKS,200.0,24.0,2.0
Shakib Al Hasan,PWI,140.0,42.0,2.0
Shakib Al Hasan,RCB,141.71666666666667,155.0,6.0
Shane Warne,CSK,190.9,21.0,1.0
Shane Warne,DC,200.0,6.0,1.0
Shane Warne,DEC,183.98,43.0,4.0
Shane Watson,CSK,179.825,691.0,46.0
Shane Watson,DC,170.42923076923077,652.0,45.0
Shane Watson,DEC,161.11,58.0,3.0
Shane Watson,KKR,163.54500000000002,500.0,22.0
Shane Watson,KTK,138.17000000000002,69.0,5.0
Shane Watson,MI,150.37857142857143,420.0,24.0
Shane Watson,PBKS,163.94166666666666,636.0,30.0
Shane Watson,PWI,181.78,296.0,16.0
Shane Watson,RCB,139.452,228.0,7.0
Shane Watson,RPS,276.92,72.0,4.0
Shane Watson,RR,176.35333333333332,245.0,16.0
Shane Watson,SRH,179.66363636363636,821.0,48.0
Shardul Thakur,CSK,126.31,48.0,2.0
Shardul Thakur,KKR,263.63,58.0,6.0
Shardul Thakur,MI,200.0,22.0,0.0
Shardul Thakur,RCB,188.88,17.0,2.0
Shardul Thakur,RR,142.85,10.0,1.0
Shashank Singh,CSK,107.14,15.0,0.0
Shashank Singh,DC,166.66,10.0,0.0
Shashank Singh,GT,416.66,50.0,6.0
Shashank Singh,KKR,91.66,11.0,0.0
Shashank Singh,RCB,88.88,8.0,1.0
Shaun Marsh,CSK,148.85,412.0,19.0
Shaun Marsh,DC,168.774,327.0,18.0
Shaun Marsh,DEC,132.95499999999998,144.0,4.0
Shaun Marsh,GL,134.88,58.0,0.0
Shaun Marsh,KKR,130.20333333333335,136.0,4.0
Shaun Marsh,KTK,140.0,84.0,4.0
Shaun Marsh,MI,145.21454545454546,603.0,19.0
Shaun Marsh,PWI,118.51,64.0,1.0
Shaun Marsh,RCB,153.155,306.0,14.0
Shaun Marsh,RR,147.722,730.0,32.0
Shaun Marsh,SRH,168.0,168.0,4.0
Shaun Pollock,DC,220.0,33.0,3.0
Shaun Pollock,RCB,233.33,28.0,2.0
Sheldon Jackson,SRH,100.0,7.0,1.0
Sherfane Rutherford,KKR,70.0,56.0,2.0
Sherfane Rutherford,RCB,215.38,28.0,3.0
Shikhar Dhawan,CSK,145.82000000000002,1169.0,31.0
Shikhar Dhawan,DC,153.37454545454545,584.0,22.0
Shikhar Dhawan,DEC,130.76,68.0,0.0
Shikhar Dhawan,GL,136.79666666666665,118.0,0.0
Shikhar Dhawan,GT,116.87333333333333,159.0,2.0
Shikhar Dhawan,KKR,134.30285714285714,606.0,19.0
Shikhar Dhawan,MI,138.64533333333333,825.0,23.0
Shikhar Dhawan,PBKS,151.28266666666667,1068.0,26.0
Shikhar Dhawan,PWI,141.17,24.0,2.0
Shikhar Dhawan,RCB,138.58666666666667,545.0,16.0
Shikhar Dhawan,RPS,103.44,30.0,0.0
Shikhar Dhawan,RR,152.5990909090909,557.0,13.0
Shikhar Dhawan,SRH,123.66166666666668,284.0,9.0
Shimron Hetmyer,CSK,85.71,6.0,0.0
Shimron Hetmyer,GT,144.27333333333334,69.0,2.0
Shimron Hetmyer,KKR,197.076,123.0,10.0
Shimron Hetmyer,LSG,163.88,118.0,12.0
Shimron Hetmyer,MI,250.0,70.0,6.0
Shimron Hetmyer,PBKS,262.5,78.0,6.0
Shimron Hetmyer,RCB,153.6925,166.0,10.0
Shimron Hetmyer,RR,181.25,73.0,5.0
Shimron Hetmyer,SRH,196.22333333333333,277.0,21.0
Shivam Dube,CSK,152.38,128.0,8.0
Shivam Dube,DC,162.28,88.0,6.0
Shivam Dube,GT,111.76,19.0,0.0
Shivam Dube,LSG,163.33,98.0,4.0
Shivam Dube,MI,157.98666666666668,50.0,4.0
Shivam Dube,PBKS,164.76,122.0,6.0
Shivam Dube,RCB,175.135,282.0,20.0
Shivam Mavi,CSK,153.84,20.0,2.0
Shreevats Goswami,DC,123.8,52.0,1.0
Shreevats Goswami,KKR,114.04,78.0,1.0
Shreyas Gopal,DC,128.57,9.0,0.0
Shreyas Gopal,KKR,200.0,18.0,0.0
Shreyas Iyer,CSK,124.055,90.0,1.0
Shreyas Iyer,DC,146.92333333333332,150.0,4.0
Shreyas Iyer,GL,170.61333333333332,206.0,6.0
Shreyas Iyer,GT,80.0,24.0,2.0
Shreyas Iyer,KKR,185.08166666666668,389.0,23.0
Shreyas Iyer,LSG,137.16,106.0,6.0
Shreyas Iyer,MI,132.55833333333334,289.0,12.0
Shreyas Iyer,PBKS,133.92714285714285,316.0,11.0
Shreyas Iyer,RCB,148.004,236.0,11.0
Shreyas Iyer,RR,138.36111111111111,408.0,20.0
Shreyas Iyer,SRH,142.24857142857144,281.0,11.0
Shubman Gill,CSK,138.816,209.0,4.0
Shubman Gill,DC,174.63,298.0,12.0
Shubman Gill,KKR,140.0,7.0,0.0
Shubman Gill,LSG,128.57,63.0,0.0
Shubman Gill,MI,152.828,289.0,13.0
Shubman Gill,PBKS,142.66666666666666,380.0,8.0
Shubman Gill,RCB,151.406,160.0,5.0
Shubman Gill,RR,130.91555555555556,368.0,9.0
Shubman Gill,SRH,109.00571428571428,232.0,6.0
Siddharth Chitnis,DC,118.75,38.0,1.0
Simon Katich,CSK,200.0,100.0,8.0
Simon Katich,DC,181.41,115.0,3.0
Simon Katich,KKR,121.42,34.0,1.0
Simran Singh,SRH,127.27,14.0,0.0
Sourav Ganguly,DC,112.21333333333332,141.0,4.0
Sourav Ganguly,DEC,151.54000000000002,403.0,21.0
Sourav Ganguly,MI,109.455,149.0,5.0
Sourav Ganguly,PBKS,141.41,258.0,14.0
Sourav Ganguly,RCB,103.12,33.0,2.0
Sourav Ganguly,RR,144.6966666666667,344.0,12.0
Srikar Bharat,CSK,160.0,8.0,0.0
Srikkanth Anirudha,KKR,116.36,128.0,4.0
Srikkanth Anirudha,RR,300.0,18.0,2.0
Stephen Fleming,DC,157.14,44.0,0.0
Stephen Fleming,KKR,160.0,32.0,0.0
Stephen Fleming,RCB,115.38,45.0,2.0
Steve Smith,CSK,187.47,265.0,17.0
Steve Smith,DC,226.43666666666664,118.0,4.0
Steve Smith,DEC,187.035,73.0,5.0
Steve Smith,GL,175.87666666666667,245.0,11.0
Steve Smith,KKR,125.41666666666667,163.0,2.0
Steve Smith,MI,155.45000000000002,429.0,14.0
Steve Smith,PBKS,171.90142857142857,254.0,7.0
Steve Smith,RCB,177.668,239.0,10.0
Steve Smith,RR,119.35,37.0,0.0
Steve Smith,SRH,149.08499999999998,209.0,6.0
Stuart Binny,CSK,153.83499999999998,63.0,5.0
Stuart Binny,DC,200.0,40.0,3.0
Stuart Binny,KKR,400.0,16.0,2.0
Stuart Binny,MI,176.47,30.0,2.0
Stuart Binny,PBKS,300.0,33.0,3.0
Stuart Binny,PWI,246.15,32.0,2.0
Stuart Binny,RCB,165.0,33.0,1.0
Stuart Binny,SRH,150.0,48.0,1.0
Subramaniam Badrinath,DC,130.86666666666667,145.0,5.0
Subramaniam Badrinath,KKR,131.7,54.0,2.0
Subramaniam Badrinath,MI,142.30142857142857,380.0,9.0
Subramaniam Badrinath,PBKS,151.00833333333333,331.0,12.0
Subramaniam Badrinath,PWI,135.03666666666666,183.0,4.0
Subramaniam Badrinath,RCB,144.3,65.0,1.0
Subramaniam Badrinath,RR,125.65,88.0,1.0
Sumit Narwal,DC,153.33,23.0,0.0
Sunil Narine,CSK,209.165,89.0,8.0
Sunil Narine,DC,219.776,179.0,13.0
Sunil Narine,GL,247.05,42.0,1.0
Sunil Narine,GT,100.0,5.0,0.0
Sunil Narine,LSG,222.22000000000003,65.0,5.0
Sunil Narine,PBKS,212.40333333333334,266.0,17.0
Sunil Narine,RCB,229.36374999999998,292.0,24.0
Sunil Narine,RR,204.0,150.0,9.0
Sunil Narine,SRH,278.5,115.0,8.0
Sunny Sohal,CSK,186.66,112.0,8.0
Sunny Sohal,DC,151.21,62.0,1.0
Sunny Sohal,DEC,176.47,60.0,2.0
Sunny Sohal,KKR,147.05,25.0,3.0
Sunny Sohal,MI,186.95,86.0,6.0
Sunny Sohal,PWI,121.42,34.0,2.0
Sunny Sohal,RCB,102.7,38.0,1.0
Suresh Raina,DC,153.98416666666665,580.0,24.0
Suresh Raina,DEC,142.16,451.0,18.0
Suresh Raina,KKR,160.75538461538463,820.0,34.0
Suresh Raina,KTK,135.575,69.0,3.0
Suresh Raina,MI,164.328125,956.0,46.0
Suresh Raina,PBKS,191.6075,836.0,49.0
Suresh Raina,PWI,131.0,97.0,3.0
Suresh Raina,RCB,161.23545454545453,502.0,33.0
Suresh Raina,RPS,159.09,35.0,1.0
Suresh Raina,RR,160.71272727272728,595.0,21.0
Suresh Raina,SRH,166.785,430.0,14.0
Suryakumar Yadav,CSK,141.85333333333332,281.0,5.0
Suryakumar Yadav,DC,150.474,214.0,6.0
Suryakumar Yadav,GT,118.18,13.0,1.0
Suryakumar Yadav,KKR,155.80599999999998,476.0,18.0
Suryakumar Yadav,LSG,118.515,44.0,0.0
Suryakumar Yadav,MI,230.0,46.0,5.0
Suryakumar Yadav,PBKS,161.34666666666666,250.0,18.0
Suryakumar Yadav,RCB,171.3516666666667,363.0,20.0
Suryakumar Yadav,RPS,144.12666666666667,150.0,6.0
Suryakumar Yadav,RR,147.56,482.0,15.0
Suryakumar Yadav,SRH,171.0325,227.0,6.0
Suyash S Prabhudessai,CSK,188.88,68.0,2.0
Suyash S Prabhudessai,DC,120.0,6.0,0.0
Suyash S Prabhudessai,LSG,111.11,10.0,1.0
Suyash S Prabhudessai,SRH,75.0,15.0,0.0
Swapnil Asnodkar,CSK,130.872,168.0,5.0
Swapnil Asnodkar,DC,185.71,39.0,1.0
Swapnil Asnodkar,DEC,112.82,44.0,1.0
Swapnil Asnodkar,KKR,176.47,60.0,1.0
Swapnil Asnodkar,RCB,113.63,50.0,1.0
Thisara Perera,CSK,176.92,23.0,2.0
Thisara Perera,DC,280.0,14.0,2.0
Thisara Perera,PBKS,188.755,55.0,5.0
Thisara Perera,RCB,214.09499999999997,74.0,7.0
Tilak Varma,CSK,114.48333333333333,136.0,4.0
Tilak Varma,DC,131.23333333333332,64.0,2.0
Tilak Varma,GT,131.25,21.0,0.0
Tilak Varma,KKR,133.82666666666668,82.0,4.0
Tilak Varma,LSG,127.16000000000001,102.0,4.0
Tilak Varma,PBKS,180.0,72.0,4.0
Tilak Varma,RR,150.75,192.0,14.0
Tilak Varma,SRH,88.88,8.0,0.0
Tillakaratne Dilshan,DEC,131.48,142.0,4.0
Tillakaratne Dilshan,KKR,127.07499999999999,63.0,0.0
Tillakaratne Dilshan,KTK,167.74,52.0,1.0
Tillakaratne Dilshan,MI,113.46,59.0,2.0
Tillakaratne Dilshan,PBKS,177.77,16.0,0.0
Tillakaratne Dilshan,PWI,106.055,86.0,1.0
Tillakaratne Dilshan,RR,138.2475,172.0,2.0
Tim David,CSK,228.57,16.0,2.0
Tim David,DC,256.06,80.0,9.0
Tim David,GT,209.52,88.0,8.0
Tim David,KKR,144.44,13.0,0.0
Tim David,RR,222.22,40.0,2.0
Tim David,SRH,255.55,92.0,8.0
Tim Seifert,MI,150.0,21.0,0.0
Tim Southee,GL,227.27,25.0,2.0
Tirumalasetti Suman,CSK,125.0,110.0,4.0
Tirumalasetti Suman,KKR,129.16,31.0,1.0
Tirumalasetti Suman,MI,153.585,43.0,2.0
Tirumalasetti Suman,PBKS,148.76,70.0,5.0
Tirumalasetti Suman,PWI,225.0,36.0,3.0
Tirumalasetti Suman,RCB,136.84,156.0,6.0
Tirumalasetti Suman,RR,152.63,29.0,1.0
Tom Curran,KKR,150.0,54.0,3.0
Travis Birt,KTK,180.0,27.0,0.0
Travis Head,KKR,159.57,75.0,5.0
Travis Head,MI,154.16,37.0,2.0
Trent Boult,GT,157.14,11.0,1.0
Trent Boult,LSG,188.88,17.0,0.0
Umar Gul,PBKS,218.18,24.0,3.0
Umesh Yadav,GT,100.0,30.0,2.0
Umesh Yadav,RCB,150.0,36.0,2.0
Umesh Yadav,RR,228.28,66.0,5.0
Unmukt Chand,RCB,156.75,116.0,4.0
Usman Khawaja,DC,146.15,19.0,0.0
VVS Laxman,MI,142.3,37.0,1.0
VVS Laxman,PBKS,141.17,48.0,0.0
VVS Laxman,RCB,121.155,88.0,2.0
Varun Chakaravarthy,RCB,62.5,10.0,0.0
Venkatesh Iyer,CSK,137.5,116.0,6.0
Venkatesh Iyer,DC,179.57,146.0,10.0
Venkatesh Iyer,GT,100.0,17.0,0.0
Venkatesh Iyer,MI,159.25666666666666,292.0,16.0
Venkatesh Iyer,PBKS,136.73,67.0,1.0
Venkatesh Iyer,RCB,111.63499999999999,51.0,1.0
Venkatesh Iyer,SRH,81.405,13.0,0.0
Venugopal Rao,CSK,150.0,30.0,2.0
Venugopal Rao,DC,188.88,34.0,2.0
Venugopal Rao,KKR,169.04,142.0,12.0
Venugopal Rao,KTK,111.11,40.0,0.0
Venugopal Rao,MI,154.9,142.0,7.0
Venugopal Rao,PBKS,128.0,32.0,2.0
Venugopal Rao,PWI,155.0,31.0,3.0
Venugopal Rao,RCB,183.32999999999998,62.0,3.0
Venugopal Rao,RR,150.0,120.0,8.0
Vidyut Sivaramakrishnan,DC,159.925,94.0,2.0
Vijay Shankar,CSK,174.19,54.0,5.0
Vijay Shankar,DC,146.135,38.0,2.0
Vijay Shankar,GL,143.18,63.0,0.0
Vijay Shankar,KKR,166.66,40.0,2.0
Vijay Shankar,RCB,150.0,27.0,3.0
Vijay Shankar,RR,167.645,87.0,3.0
Vinay Kumar,RR,366.66,22.0,3.0
Virat Kohli,CSK,137.9105882352941,915.0,42.0
Virat Kohli,DC,147.7425,992.0,33.0
Virat Kohli,DEC,158.31857142857143,365.0,18.0
Virat Kohli,GL,170.7725,382.0,18.0
Virat Kohli,GT,122.305,262.0,6.0
Virat Kohli,KKR,154.9876923076923,805.0,29.0
Virat Kohli,LSG,104.16,25.0,0.0
Virat Kohli,MI,140.36625,804.0,31.0
Virat Kohli,PBKS,154.67384615384614,701.0,31.0
Virat Kohli,PWI,159.52,134.0,8.0
Virat Kohli,RPS,156.59,376.0,18.0
Virat Kohli,RR,157.23749999999998,573.0,23.0
Virat Kohli,SRH,158.76,740.0,31.0
Virender Sehwag,CSK,181.5611111111111,616.0,32.0
Virender Sehwag,DEC,220.88,426.0,24.0
Virender Sehwag,KKR,152.95499999999998,234.0,8.0
Virender Sehwag,KTK,170.21,160.0,10.0
Virender Sehwag,MI,176.77125,455.0,18.0
Virender Sehwag,PBKS,193.1275,235.0,13.0
Virender Sehwag,PWI,175.92000000000002,325.0,14.0
Virender Sehwag,RCB,165.60166666666666,197.0,5.0
Virender Sehwag,RR,191.264,349.0,15.0
Virender Sehwag,SRH,136.36,30.0,3.0
Wanindu Hasaranga,CSK,233.33,7.0,1.0
Wanindu Hasaranga,KKR,133.33,4.0,0.0
Wanindu Hasaranga,RR,138.46,18.0,0.0
Wanindu Hasaranga,SRH,42.1,8.0,0.0
Washington Sundar,LSG,128.57,18.0,0.0
Washington Sundar,PBKS,131.57,50.0,2.0
Washington Sundar,RR,251.87666666666667,115.0,7.0
Wasim Jaffer,CSK,151.51,100.0,4.0
Wasim Jaffer,DEC,118.91,44.0,0.0
Wriddhiman Saha,CSK,153.072,208.0,4.0
Wriddhiman Saha,DC,170.8775,265.0,7.0
Wriddhiman Saha,DEC,233.33,7.0,1.0
Wriddhiman Saha,GL,173.68,33.0,0.0
Wriddhiman Saha,KKR,152.597,475.0,26.0
Wriddhiman Saha,KTK,139.39,46.0,3.0
Wriddhiman Saha,LSG,45.45,5.0,0.0
Wriddhiman Saha,MI,144.42,553.0,18.0
Wriddhiman Saha,PBKS,143.8033333333333,101.0,6.0
Wriddhiman Saha,RCB,176.9525,215.0,5.0
Wriddhiman Saha,RR,147.97333333333333,51.0,0.0
Wriddhiman Saha,SRH,193.315,244.0,6.0
Yashasvi Jaiswal,CSK,186.09,218.0,8.0
Yashasvi Jaiswal,DC,100.0,38.0,2.0
Yashasvi Jaiswal,GT,137.5,44.0,4.0
Yashasvi Jaiswal,KKR,129.41,22.0,0.0
Yashasvi Jaiswal,LSG,141.37,82.0,2.0
Yashasvi Jaiswal,MI,160.0,32.0,2.0
Yashasvi Jaiswal,PBKS,150.98000000000002,234.0,8.0
Yashasvi Jaiswal,RCB,154.65333333333334,73.0,6.0
Yashasvi Jaiswal,SRH,135.50666666666666,76.0,3.0
Yashpal Singh,RR,111.11,20.0,0.0
Yogesh Nagar,DEC,209.09,23.0,2.0
Yogesh Nagar,KKR,158.33,19.0,2.0
Yogesh Nagar,RR,135.0,27.0,2.0
Yogesh Takawale,KKR,133.925,85.0,1.0
Yusuf Pathan,CSK,160.90833333333333,252.0,16.0
Yusuf Pathan,DC,184.589,460.0,30.0
Yusuf Pathan,DEC,189.6,424.0,29.0
Yusuf Pathan,GL,153.65,63.0,1.0
Yusuf Pathan,KKR,211.10666666666668,290.0,14.0
Yusuf Pathan,MI,209.46428571428572,360.0,23.0
Yusuf Pathan,PBKS,181.842,137.0,13.0
Yusuf Pathan,PWI,163.63,144.0,4.0
Yusuf Pathan,RCB,172.57142857142858,271.0,16.0
Yusuf Pathan,RPS,181.4766666666667,110.0,8.0
Yusuf Pathan,RR,132.855,93.0,4.0
Yusuf Pathan,SRH,212.26833333333332,314.0,21.0
Yuvraj Singh,CSK,158.41,287.0,14.0
Yuvraj Singh,DC,187.074,507.0,38.0
Yuvraj Singh,KKR,159.81125,250.0,17.0
Yuvraj Singh,MI,136.23833333333334,230.0,12.0
Yuvraj Singh,PBKS,176.70666666666668,254.0,16.0
Yuvraj Singh,RCB,177.6725,476.0,30.0
Yuvraj Singh,RR,174.14363636363635,530.0,39.0
Zaheer Khan,RCB,255.55,23.0,1.0
