player,venue,venue_economy,venue_wkts
Abhishek Jhunjhunwala,Chidambaram,4.33,1.0
Abhishek Nayar,Rajiv Gandhi Intl. Cricket Stadium,6.0,1.0
Abhishek Nayar,St George's Park,4.33,3.0
Abhishek Sharma,Chidambaram,6.0,2.0
Abhishek Sharma,Sharjah Cricket Stadium,4.5,0.0
Abu Nechim,JSCA Stadium,4.5,1.0
Adam Milne,Dubai International Stadium,5.25,2.0
Adam Voges,Narendra Modi Stadium,4.5,0.0
Adam Zampa,ACA-VDCA Stadium,5.0,9.0
Adam Zampa,Maharashtra Cricket Association's International Stadium,5.73,2.0
Adam Zampa,Zayed Cricket Stadium,3.0,1.0
Ajantha Mendis,Eden Gardens,5.75,3.0
Ajantha Mendis,Maharashtra Cricket Association's International Stadium,3.75,1.0
Ajantha Mendis,Newlands,4.75,2.0
Ajantha Mendis,Supersport Park,5.25,1.0
Ajit Agarkar,Eden Gardens,5.75,1.0
Ajit Agarkar,Kingsmead,3.75,2.0
Ajit Agarkar,M. Chinnaswamy Stadium,6.25,3.0
Ajit Chandila,Rajiv Gandhi Intl. Cricket Stadium,5.0,1.0
Ajit Chandila,Sawai Mansingh Stadium,3.81,8.0
Akash Deep,DY Patil Stadium,14.5,0.0
Akash Deep,Maharashtra Cricket Association Stadium,5.0,1.0
Akash Deep,Wankhede Stadium,11.0,0.0
Albie Morkel,Arun Jaitley Stadium,4.33,1.0
Albie Morkel,Chidambaram,4.965999999999999,4.0
Albie Morkel,DY Patil Stadium,5.625,3.0
Albie Morkel,Eden Gardens,3.5,3.0
Albie Morkel,Kingsmead,3.25,2.0
Albie Morkel,M. Chinnaswamy Stadium,5.0,1.0
Albie Morkel,Sharjah Cricket Stadium,6.0,1.0
Albie Morkel,Supersport Park,5.25,2.0
Albie Morkel,Wankhede Stadium,4.75,1.0
Alfonso Thomas,Arun Jaitley Stadium,5.25,3.0
Alfonso Thomas,Wankhede Stadium,4.0,1.0
Ali Murtaza,Arun Jaitley Stadium,5.25,1.0
Ali Murtaza,Brabourne Stadium,4.5,2.0
Ali Murtaza,Maharashtra Cricket Association's International Stadium,3.75,3.0
Ali Murtaza,Sawai Mansingh Stadium,3.75,0.0
Ali Murtaza,Wankhede Stadium,4.5,2.0
Alzarri Joseph,Brabourne - CCI,10.375,2.0
Alzarri Joseph,DY Patil Stadium,7.75,1.0
Alzarri Joseph,Maharashtra Cricket Association Stadium,8.5,2.0
Alzarri Joseph,Rajiv Gandhi Intl. Cricket Stadium,3.27,6.0
Alzarri Joseph,Wankhede Stadium,8.75,1.0
Amit Mishra,ACA-VDCA Stadium,4.75,2.0
Amit Mishra,Arun Jaitley Stadium,4.85875,30.0
Amit Mishra,Barabati Stadium,4.0,1.0
Amit Mishra,Buffalo Park,5.0,0.0
Amit Mishra,Chidambaram,4.9575,6.0
Amit Mishra,Dubai International Stadium,5.75,0.0
Amit Mishra,Eden Gardens,4.895,4.0
Amit Mishra,HPCA Stadium,2.25,4.0
Amit Mishra,IS Bindra Stadium,5.75,1.0
Amit Mishra,Jawaharlal Nehru Stadium,3.0,1.0
Amit Mishra,Kingsmead,4.5,0.0
Amit Mishra,M. Chinnaswamy Stadium,5.75,2.0
Amit Mishra,Maharashtra Cricket Association's International Stadium,4.205,7.0
Amit Mishra,Narendra Modi Stadium,3.25,0.0
Amit Mishra,New Wanderers Stadium,3.5,3.0
Amit Mishra,Rajiv Gandhi Intl. Cricket Stadium,4.340999999999999,16.0
Amit Mishra,Saurashtra Cricket Association Stadium,6.33,1.0
Amit Mishra,St George's Park,4.75,1.0
Amit Mishra,Supersport Park,4.75,3.0
Amit Mishra,Wankhede Stadium,5.083333333333333,4.0
Amit Singh,Kingsmead,3.835,4.0
Amit Singh,Sawai Mansingh Stadium,4.0,3.0
Amit Singh,Supersport Park,4.75,4.0
Anand Rajan,ACA-VDCA Stadium,4.5,0.0
Anand Rajan,Arun Jaitley Stadium,5.0,1.0
Andre Russell,Arun Jaitley Stadium,6.5,3.0
Andre Russell,Eden Gardens,5.18625,12.0
Andre Russell,M. Chinnaswamy Stadium,6.0,1.0
Andre Russell,Maharashtra Cricket Association Stadium,5.5,3.0
Andre Russell,Rajiv Gandhi Intl. Cricket Stadium,4.75,1.0
Andre Russell,Wankhede Stadium,7.75,3.0
Andre Russell,Zayed Cricket Stadium,3.0,3.0
Andrew Flintoff,St George's Park,3.66,1.0
Andrew Symonds,Arun Jaitley Stadium,4.0,0.0
Andrew Symonds,Barabati Stadium,5.375,4.0
Andrew Symonds,DY Patil Stadium,5.08,1.0
Andrew Symonds,Narendra Modi Stadium,4.5,0.0
Andrew Symonds,New Wanderers Stadium,5.0,1.0
Andrew Symonds,Supersport Park,3.75,1.0
Andrew Symonds,Vidarbha Cricket Association Stadium,5.75,1.0
Andrew Tye,Arun Jaitley Stadium,6.25,2.0
Andrew Tye,Brabourne - CCI,10.0,2.0
Andrew Tye,DY Patil Stadium,9.75,0.0
Andrew Tye,Holkar Cricket Stadium,6.0,2.0
Andrew Tye,IS Bindra Stadium,5.75,2.0
Andrew Tye,M. Chinnaswamy Stadium,3.0,3.0
Andrew Tye,Saurashtra Cricket Association Stadium,4.25,5.0
Andrew Tye,Wankhede Stadium,4.0,4.0
Angelo Mathews,Arun Jaitley Stadium,5.915,0.0
Angelo Mathews,Eden Gardens,4.5,6.0
Angelo Mathews,Maharashtra Cricket Association's International Stadium,4.773333333333333,4.0
Aniket Choudhary,M. Chinnaswamy Stadium,4.25,2.0
Anil Kumble,Brabourne Stadium,4.5,1.0
Anil Kumble,Chidambaram,3.75,4.0
Anil Kumble,DY Patil Stadium,4.57,4.0
Anil Kumble,Eden Gardens,4.75,0.0
Anil Kumble,Kingsmead,3.9166666666666665,5.0
Anil Kumble,M. Chinnaswamy Stadium,4.068,7.0
Anil Kumble,New Wanderers Stadium,4.0,4.0
Anil Kumble,Newlands,1.57,5.0
Anil Kumble,St George's Park,5.5,0.0
Anil Kumble,Supersport Park,5.75,2.0
Ankeet Chavan,Sawai Mansingh Stadium,3.33,0.0
Ankeet Chavan,Wankhede Stadium,4.25,0.0
Ankit Rajpoot,Arun Jaitley Stadium,5.75,2.0
Ankit Rajpoot,Eden Gardens,4.66,1.0
Ankit Rajpoot,IS Bindra Stadium,5.25,0.0
Ankit Rajpoot,Maharashtra Cricket Association's International Stadium,4.75,2.0
Ankit Rajpoot,Rajiv Gandhi Intl. Cricket Stadium,3.5,5.0
Ankit Sharma,ACA-VDCA Stadium,4.5,0.0
Ankit Sharma,Barabati Stadium,4.625,2.0
Ankit Sharma,JSCA Stadium,5.0,2.0
Ankit Sharma,Narendra Modi Stadium,5.75,2.0
Ankit Soni,Maharashtra Cricket Association's International Stadium,4.0,0.0
Ankit Soni,Saurashtra Cricket Association Stadium,4.0,1.0
Anrich Nortje,Brabourne - CCI,8.75,1.0
Anrich Nortje,DY Patil Stadium,9.166666666666666,6.0
Anrich Nortje,Dubai International Stadium,4.9375,8.0
Anrich Nortje,Sharjah Cricket Stadium,5.5,2.0
Anrich Nortje,Wankhede Stadium,9.25,2.0
Anrich Nortje,Zayed Cricket Stadium,4.5,2.0
Anukul Roy,Chidambaram,5.5,1.0
Anukul Roy,Wankhede Stadium,7.0,1.0
Anureet Singh,IS Bindra Stadium,5.0,0.0
Anureet Singh,M. Chinnaswamy Stadium,6.25,0.0
Anureet Singh,Maharashtra Cricket Association's International Stadium,5.75,3.0
Arshdeep Singh,Brabourne - CCI,7.25,1.0
Arshdeep Singh,DY Patil Stadium,8.5,5.0
Arshdeep Singh,Dubai International Stadium,6.0,3.0
Arshdeep Singh,Maharashtra Cricket Association Stadium,6.5,0.0
Arshdeep Singh,Sharjah Cricket Stadium,5.5,1.0
Arshdeep Singh,Wankhede Stadium,5.6875,4.0
Arshdeep Singh,Zayed Cricket Stadium,6.25,1.0
Ashish Nehra,ACA-VDCA Stadium,5.0,3.0
Ashish Nehra,Arun Jaitley Stadium,4.0,0.0
Ashish Nehra,Chidambaram,5.0,8.0
Ashish Nehra,DY Patil Stadium,5.29,6.0
Ashish Nehra,IS Bindra Stadium,5.66,1.0
Ashish Nehra,M. Chinnaswamy Stadium,2.5,4.0
Ashish Nehra,Maharashtra Cricket Association's International Stadium,4.75,2.0
Ashish Nehra,Rajiv Gandhi Intl. Cricket Stadium,5.75,0.0
Ashish Nehra,Sawai Mansingh Stadium,6.0,0.0
Ashish Nehra,Wankhede Stadium,5.705,3.0
Ashish Reddy,Wankhede Stadium,5.07,1.0
Ashok Dinda,ACA-VDCA Stadium,5.165,4.0
Ashok Dinda,Arun Jaitley Stadium,3.5,0.0
Ashok Dinda,Dubai International Stadium,3.5,1.0
Ashok Dinda,Eden Gardens,5.041666666666667,7.0
Ashok Dinda,Kingsmead,3.0,0.0
Ashok Dinda,M. Chinnaswamy Stadium,4.115,3.0
Ashok Dinda,Maharashtra Cricket Association's International Stadium,4.33,1.0
Ashok Dinda,Rajiv Gandhi Intl. Cricket Stadium,5.75,3.0
Ashok Dinda,Wankhede Stadium,4.5,4.0
Ashok Dinda,Zayed Cricket Stadium,4.0,0.0
Ashok Menaria,Chidambaram,5.0,0.0
Ashok Menaria,Sawai Mansingh Stadium,5.0,2.0
Avesh Khan,Arun Jaitley Stadium,5.75,1.0
Avesh Khan,Brabourne - CCI,8.5,5.0
Avesh Khan,DY Patil Stadium,9.75,4.0
Avesh Khan,Eden Gardens,11.0,1.0
Avesh Khan,Maharashtra Cricket Association Stadium,6.5,2.0
Avesh Khan,Sharjah Cricket Stadium,4.526666666666666,7.0
Avesh Khan,Wankhede Stadium,6.75,3.0
Axar Patel,Arun Jaitley Stadium,4.25,3.0
Axar Patel,Barabati Stadium,5.0,0.0
Axar Patel,Brabourne - CCI,6.25,2.0
Axar Patel,DY Patil Stadium,3.5,2.0
Axar Patel,Dubai International Stadium,4.535714285714286,8.0
Axar Patel,Eden Gardens,4.375,2.0
Axar Patel,Holkar Cricket Stadium,4.125,2.0
Axar Patel,IS Bindra Stadium,5.9159999999999995,11.0
Axar Patel,M. Chinnaswamy Stadium,5.232,6.0
Axar Patel,Maharashtra Cricket Association Stadium,9.25,0.0
Axar Patel,Narendra Modi Stadium,5.25,1.0
Axar Patel,Saurashtra Cricket Association Stadium,5.25,4.0
Axar Patel,Sharjah Cricket Stadium,4.971666666666667,7.0
Axar Patel,Wankhede Stadium,6.5625,3.0
Axar Patel,Zayed Cricket Stadium,4.0,2.0
Azhar Mahmood,IS Bindra Stadium,5.25,3.0
Azhar Mahmood,M. Chinnaswamy Stadium,5.0,3.0
Azhar Mahmood,Maharashtra Cricket Association's International Stadium,4.75,2.0
Balachandra Akhil,Supersport Park,4.5,2.0
Balachandra Akhil,Wankhede Stadium,5.66,2.0
Barinder Sran,ACA-VDCA Stadium,5.14,2.0
Barinder Sran,IS Bindra Stadium,5.5,0.0
Basil Thampi,Brabourne - CCI,8.75,3.0
Basil Thampi,Maharashtra Cricket Association Stadium,9.5,2.0
Basil Thampi,Rajiv Gandhi Intl. Cricket Stadium,6.0,2.0
Ben Cutting,Arun Jaitley Stadium,4.66,1.0
Ben Cutting,Eden Gardens,6.0,1.0
Ben Hilfenhaus,HPCA Stadium,5.0,1.0
Ben Hilfenhaus,Sawai Mansingh Stadium,2.0,2.0
Ben Hilfenhaus,Zayed Cricket Stadium,4.5,1.0
Ben Stokes,Eden Gardens,4.875,4.0
Ben Stokes,M. Chinnaswamy Stadium,4.5,3.0
Ben Stokes,Maharashtra Cricket Association's International Stadium,3.33,0.0
Ben Stokes,Saurashtra Cricket Association Stadium,6.0,0.0
Ben Stokes,Wankhede Stadium,5.25,2.0
Beuran Hendricks,IS Bindra Stadium,4.5,1.0
Bhuvneshwar Kumar,ACA-VDCA Stadium,5.5,2.0
Bhuvneshwar Kumar,Arun Jaitley Stadium,5.25,4.0
Bhuvneshwar Kumar,Brabourne - CCI,7.75,2.0
Bhuvneshwar Kumar,Chidambaram,4.276666666666666,4.0
Bhuvneshwar Kumar,DY Patil Stadium,7.0,6.0
Bhuvneshwar Kumar,Dubai International Stadium,4.625,2.0
Bhuvneshwar Kumar,Eden Gardens,5.0,3.0
Bhuvneshwar Kumar,IS Bindra Stadium,5.553333333333334,5.0
Bhuvneshwar Kumar,M. Chinnaswamy Stadium,5.416666666666667,4.0
Bhuvneshwar Kumar,Maharashtra Cricket Association Stadium,6.5,2.0
Bhuvneshwar Kumar,Maharashtra Cricket Association's International Stadium,3.75,5.0
Bhuvneshwar Kumar,Narendra Modi Stadium,3.5,4.0
Bhuvneshwar Kumar,Rajiv Gandhi Intl. Cricket Stadium,4.99875,12.0
Bhuvneshwar Kumar,Sawai Mansingh Stadium,5.5,0.0
Bhuvneshwar Kumar,Shaheed Veer Narayan Singh International Cricket Stadium,5.0,1.0
Bhuvneshwar Kumar,Sharjah Cricket Stadium,5.25,5.0
Bhuvneshwar Kumar,Wankhede Stadium,6.238571428571428,8.0
Bhuvneshwar Kumar,Zayed Cricket Stadium,6.125,3.0
Billy Stanlake,Eden Gardens,5.25,2.0
Bipul Sharma,Eden Gardens,5.125,1.0
Bipul Sharma,Rajiv Gandhi Intl. Cricket Stadium,6.0,0.0
Bipul Sharma,Saurashtra Cricket Association Stadium,5.0,1.0
Brad Hodge,Holkar Cricket Stadium,3.25,4.0
Brad Hogg,Chidambaram,4.5,2.0
Brad Hogg,Eden Gardens,4.666666666666667,6.0
Brad Hogg,M. Chinnaswamy Stadium,4.75,1.0
Brett Lee,Barabati Stadium,3.75,1.0
Brett Lee,Eden Gardens,3.57,1.0
Brett Lee,IS Bindra Stadium,2.25,1.0
Brett Lee,Kingsmead,4.0,0.0
Brett Lee,M. Chinnaswamy Stadium,5.25,0.0
Brett Lee,OUTsurance Oval,3.75,3.0
Brett Lee,Sawai Mansingh Stadium,5.0,1.0
Carlos Brathwaite,Eden Gardens,4.5,0.0
Carlos Brathwaite,Shaheed Veer Narayan Singh International Cricket Stadium,5.68,1.0
Chaminda Vaas,Arun Jaitley Stadium,4.75,1.0
Chaminda Vaas,Barabati Stadium,5.25,1.0
Chaminda Vaas,Chidambaram,5.25,3.0
Chaminda Vaas,De Beers Diamond Oval,4.75,2.0
Chaminda Vaas,Eden Gardens,3.0,2.0
Charl Langeveldt,Kingsmead,3.75,3.0
Charl Langeveldt,M. Chinnaswamy Stadium,3.33,2.0
Chetan Sakariya,DY Patil Stadium,5.75,2.0
Chetan Sakariya,Sharjah Cricket Stadium,5.75,1.0
Chetan Sakariya,Wankhede Stadium,11.0,0.0
Chris Gayle,Buffalo Park,5.25,1.0
Chris Gayle,Chidambaram,3.66,0.0
Chris Gayle,Eden Gardens,4.5,0.0
Chris Gayle,M. Chinnaswamy Stadium,3.5833333333333335,4.0
Chris Gayle,Newlands,5.0,0.0
Chris Gayle,Shaheed Veer Narayan Singh International Cricket Stadium,5.5,2.0
Chris Gayle,Wankhede Stadium,4.75,0.0
Chris Jordan,Brabourne - CCI,5.75,2.0
Chris Jordan,Dubai International Stadium,4.25,3.0
Chris Jordan,M. Chinnaswamy Stadium,3.66,4.0
Chris Jordan,Shaheed Veer Narayan Singh International Cricket Stadium,5.0,1.0
Chris Jordan,Sharjah Cricket Stadium,6.25,2.0
Chris Morris,ACA-VDCA Stadium,6.0,1.0
Chris Morris,Arun Jaitley Stadium,5.609999999999999,5.0
Chris Morris,Brabourne Stadium,5.75,4.0
Chris Morris,Chidambaram,4.75,3.0
Chris Morris,Dubai International Stadium,4.75,3.0
Chris Morris,Eden Gardens,4.625,1.0
Chris Morris,M. Chinnaswamy Stadium,5.25,3.0
Chris Morris,Maharashtra Cricket Association's International Stadium,5.25,0.0
Chris Morris,Narendra Modi Stadium,4.75,1.0
Chris Morris,Rajiv Gandhi Intl. Cricket Stadium,4.75,1.0
Chris Morris,Sharjah Cricket Stadium,4.875,2.0
Chris Morris,Wankhede Stadium,5.205,4.0
Chris Morris,Zayed Cricket Stadium,4.0,0.0
Chris Woakes,Eden Gardens,3.75,6.0
Chris Woakes,IS Bindra Stadium,5.0,2.0
Chris Woakes,Wankhede Stadium,5.75,4.0
Colin de Grandhomme,Holkar Cricket Stadium,4.0,1.0
Colin de Grandhomme,Maharashtra Cricket Association's International Stadium,4.0,1.0
Corey Anderson,Narendra Modi Stadium,6.0,0.0
D'Arcy Short,Rajiv Gandhi Intl. Cricket Stadium,4.5,0.0
Dale Steyn,ACA-VDCA Stadium,3.0,3.0
Dale Steyn,Arun Jaitley Stadium,4.166666666666667,6.0
Dale Steyn,Chidambaram,5.0,1.0
Dale Steyn,DY Patil Stadium,3.66,1.0
Dale Steyn,Dubai International Stadium,5.0,2.0
Dale Steyn,HPCA Stadium,4.33,1.0
Dale Steyn,IS Bindra Stadium,5.0,2.0
Dale Steyn,Jawaharlal Nehru Stadium,4.57,3.0
Dale Steyn,M. Chinnaswamy Stadium,4.25,1.0
Dale Steyn,Newlands,3.0,0.0
Dale Steyn,Rajiv Gandhi Intl. Cricket Stadium,4.282727272727272,18.0
Dale Steyn,Sawai Mansingh Stadium,3.75,2.0
Dale Steyn,Sharjah Cricket Stadium,5.0,0.0
Dale Steyn,Vidarbha Cricket Association Stadium,4.5,3.0
Dale Steyn,Wankhede Stadium,2.5,2.0
Dan Christian,Arun Jaitley Stadium,5.66,1.0
Dan Christian,Chidambaram,4.0,0.0
Dan Christian,DY Patil Stadium,4.33,2.0
Dan Christian,IS Bindra Stadium,6.0,1.0
Dan Christian,Jawaharlal Nehru Stadium,4.0,0.0
Dan Christian,Maharashtra Cricket Association's International Stadium,5.0,3.0
Dan Christian,Wankhede Stadium,4.66,0.0
Dan Christian,Zayed Cricket Stadium,4.66,2.0
Daniel Sams,Brabourne - CCI,14.25,0.0
Daniel Sams,DY Patil Stadium,7.5,6.0
Daniel Sams,Wankhede Stadium,7.8125,6.0
Daniel Vettori,Arun Jaitley Stadium,4.75,1.0
Daniel Vettori,Chidambaram,4.75,3.0
Daniel Vettori,Jawaharlal Nehru Stadium,4.25,1.0
Daniel Vettori,M. Chinnaswamy Stadium,4.1875,4.0
Daniel Vettori,Sawai Mansingh Stadium,5.0,0.0
Darren Sammy,Rajiv Gandhi Intl. Cricket Stadium,3.33,2.0
David Hussey,Arun Jaitley Stadium,3.5,0.0
David Hussey,M. Chinnaswamy Stadium,4.5,0.0
David Wiese,Arun Jaitley Stadium,5.4,2.0
David Willey,Maharashtra Cricket Association's International Stadium,6.0,1.0
David Willey,Wankhede Stadium,7.25,1.0
Deepak Chahar,Arun Jaitley Stadium,5.0,1.0
Deepak Chahar,Chidambaram,4.666666666666667,5.0
Deepak Chahar,Dubai International Stadium,4.58,3.0
Deepak Chahar,Maharashtra Cricket Association's International Stadium,4.0,1.0
Deepak Chahar,Rajiv Gandhi Intl. Cricket Stadium,3.75,3.0
Deepak Chahar,Sharjah Cricket Stadium,4.5,2.0
Deepak Chahar,Wankhede Stadium,3.955,5.0
Deepak Chahar,Zayed Cricket Stadium,4.5,2.0
Deepak Hooda,ACA-VDCA Stadium,5.5,0.0
Deepak Hooda,Arun Jaitley Stadium,5.0,0.0
Deepak Hooda,Chidambaram,5.25,1.0
Deepak Hooda,Narendra Modi Stadium,5.5,0.0
Dhawal Kulkarni,ACA-VDCA Stadium,3.0,2.0
Dhawal Kulkarni,Arun Jaitley Stadium,4.75,3.0
Dhawal Kulkarni,Buffalo Park,3.0,0.0
Dhawal Kulkarni,DY Patil Stadium,5.0,0.0
Dhawal Kulkarni,Eden Gardens,5.0,0.0
Dhawal Kulkarni,IS Bindra Stadium,6.0,1.0
Dhawal Kulkarni,M. Chinnaswamy Stadium,3.5,4.0
Dhawal Kulkarni,Narendra Modi Stadium,5.5,2.0
Dhawal Kulkarni,Rajiv Gandhi Intl. Cricket Stadium,4.25,2.0
Dhawal Kulkarni,Sawai Mansingh Stadium,4.58,4.0
Dhawal Kulkarni,Supersport Park,5.25,1.0
Dhawal Kulkarni,Wankhede Stadium,4.916666666666667,7.0
Dhawal Kulkarni,Zayed Cricket Stadium,5.75,2.0
Dilhara Fernando,DY Patil Stadium,5.75,2.0
Dilhara Fernando,M. Chinnaswamy Stadium,4.5,4.0
Dimitri Mascarenhas,Newlands,5.0,3.0
Dirk Nannes,Arun Jaitley Stadium,4.91,2.0
Dirk Nannes,Chidambaram,4.5,1.0
Dirk Nannes,IS Bindra Stadium,3.715,4.0
Dominic Thornely,Wankhede Stadium,2.33,2.0
Domnic Joseph,Arun Jaitley Stadium,4.75,3.0
Domnic Joseph,Chidambaram,6.0,1.0
Doug Bollinger,Chidambaram,4.166666666666667,6.0
Doug Bollinger,DY Patil Stadium,4.25,7.0
Doug Bollinger,Wankhede Stadium,5.0,1.0
Dushmantha Chameera,Brabourne - CCI,12.125,1.0
Dushmantha Chameera,Eden Gardens,13.5,0.0
Dushmantha Chameera,Maharashtra Cricket Association Stadium,6.375,2.0
Dushmantha Chameera,Wankhede Stadium,6.666666666666667,1.0
Dwaine Pretorius,Brabourne - CCI,7.625,4.0
Dwaine Pretorius,Maharashtra Cricket Association Stadium,10.0,1.0
Dwaine Pretorius,Wankhede Stadium,12.5,0.0
Dwayne Bravo,ACA-VDCA Stadium,4.75,2.0
Dwayne Bravo,Arun Jaitley Stadium,4.25,5.0
Dwayne Bravo,Brabourne - CCI,8.75,1.0
Dwayne Bravo,Chidambaram,5.1033333333333335,7.0
Dwayne Bravo,DY Patil Stadium,8.213333333333333,5.0
Dwayne Bravo,Eden Gardens,3.5,0.0
Dwayne Bravo,Green Park,5.5,2.0
Dwayne Bravo,IS Bindra Stadium,5.5,4.0
Dwayne Bravo,M. Chinnaswamy Stadium,4.29,2.0
Dwayne Bravo,Maharashtra Cricket Association Stadium,5.75,3.0
Dwayne Bravo,Maharashtra Cricket Association's International Stadium,4.5,1.0
Dwayne Bravo,Rajiv Gandhi Intl. Cricket Stadium,5.636666666666667,8.0
Dwayne Bravo,Sharjah Cricket Stadium,5.125,5.0
Dwayne Bravo,Supersport Park,5.33,1.0
Dwayne Bravo,Wankhede Stadium,6.215999999999999,10.0
Dwayne Smith,Green Park,2.0,4.0
Dwayne Smith,M. Chinnaswamy Stadium,5.0,0.0
Dwayne Smith,Saurashtra Cricket Association Stadium,5.5,1.0
Dwayne Smith,Sharjah Cricket Stadium,5.5,1.0
Dwayne Smith,Wankhede Stadium,4.0,1.0
Fabian Allen,Brabourne - CCI,11.5,1.0
Fabian Allen,Chidambaram,5.5,1.0
Fazalhaq Farooqi,Wankhede Stadium,9.166666666666666,2.0
Glenn Maxwell,Dubai International Stadium,5.583333333333333,3.0
Glenn Maxwell,IS Bindra Stadium,3.0,1.0
Glenn Maxwell,M. Chinnaswamy Stadium,5.0,3.0
Glenn Maxwell,Maharashtra Cricket Association Stadium,5.5,2.0
Glenn Maxwell,Wankhede Stadium,5.5,2.0
Glenn McGrath,Arun Jaitley Stadium,5.5,1.0
Glenn McGrath,Chidambaram,5.25,1.0
Glenn McGrath,Eden Gardens,5.5,0.0
Glenn McGrath,M. Chinnaswamy Stadium,3.75,2.0
Glenn McGrath,Rajiv Gandhi Intl. Cricket Stadium,5.5,0.0
Glenn McGrath,Sawai Mansingh Stadium,3.0,0.0
Gurkeerat Mann Singh,Eden Gardens,5.66,2.0
Hanuma Vihari,IS Bindra Stadium,2.5,0.0
Harbhajan Singh,ACA-VDCA Stadium,4.5,0.0
Harbhajan Singh,Arun Jaitley Stadium,5.08,5.0
Harbhajan Singh,Barabati Stadium,5.5,2.0
Harbhajan Singh,Brabourne Stadium,4.79,3.0
Harbhajan Singh,Buffalo Park,5.25,1.0
Harbhajan Singh,Chidambaram,5.0,9.0
Harbhajan Singh,Dubai International Stadium,3.75,0.0
Harbhajan Singh,Eden Gardens,4.66,2.0
Harbhajan Singh,Holkar Cricket Stadium,6.0,0.0
Harbhajan Singh,M. Chinnaswamy Stadium,6.04,0.0
Harbhajan Singh,Maharashtra Cricket Association's International Stadium,4.992,7.0
Harbhajan Singh,Narendra Modi Stadium,3.25,2.0
Harbhajan Singh,Newlands,5.0,1.0
Harbhajan Singh,Rajiv Gandhi Intl. Cricket Stadium,5.875,1.0
Harbhajan Singh,Saurashtra Cricket Association Stadium,5.75,1.0
Harbhajan Singh,Sawai Mansingh Stadium,5.25,1.0
Harbhajan Singh,Sharjah Cricket Stadium,5.75,0.0
Harbhajan Singh,St George's Park,3.75,2.0
Harbhajan Singh,Supersport Park,3.25,5.0
Harbhajan Singh,Wankhede Stadium,4.552857142857143,22.0
Hardik Pandya,Brabourne - CCI,9.0,1.0
Hardik Pandya,DY Patil Stadium,6.75,1.0
Hardik Pandya,Eden Gardens,5.415,4.0
Hardik Pandya,M. Chinnaswamy Stadium,4.5,1.0
Hardik Pandya,Maharashtra Cricket Association Stadium,5.5,1.0
Hardik Pandya,Narendra Modi Stadium,4.25,3.0
Hardik Pandya,Wankhede Stadium,6.25,8.0
Harmeet Singh Bansal,DY Patil Stadium,5.5,1.0
Harmeet Singh Bansal,New Wanderers Stadium,5.75,2.0
Harmeet Singh Bansal,Supersport Park,5.0,0.0
Harmeet Singh Bansal,Vidarbha Cricket Association Stadium,5.625,3.0
Harpreet Brar,Brabourne - CCI,8.25,1.0
Harpreet Brar,Dubai International Stadium,5.58,1.0
Harpreet Brar,Narendra Modi Stadium,4.75,3.0
Harpreet Brar,Wankhede Stadium,6.5,3.0
Harshal Patel,Arun Jaitley Stadium,5.205,2.0
Harshal Patel,Brabourne - CCI,8.625,4.0
Harshal Patel,Chidambaram,4.5,4.0
Harshal Patel,DY Patil Stadium,7.833333333333333,5.0
Harshal Patel,Dubai International Stadium,5.36,4.0
Harshal Patel,Eden Gardens,6.25,1.0
Harshal Patel,IS Bindra Stadium,6.0,2.0
Harshal Patel,M. Chinnaswamy Stadium,5.0,0.0
Harshal Patel,Maharashtra Cricket Association Stadium,7.583333333333333,6.0
Harshal Patel,Maharashtra Cricket Association's International Stadium,5.0,2.0
Harshal Patel,Narendra Modi Stadium,5.75,2.0
Harshal Patel,Sharjah Cricket Stadium,4.75,2.0
Harshal Patel,Wankhede Stadium,7.25,1.0
Hrithik Shokeen,DY Patil Stadium,5.75,0.0
Hrithik Shokeen,Wankhede Stadium,8.5,0.0
Imran Tahir,Arun Jaitley Stadium,5.875,11.0
Imran Tahir,Chidambaram,4.37,11.0
Imran Tahir,Maharashtra Cricket Association's International Stadium,5.25,4.0
Imran Tahir,Rajiv Gandhi Intl. Cricket Stadium,5.5,3.0
Imran Tahir,Wankhede Stadium,4.0,2.0
Imran Tahir,Zayed Cricket Stadium,6.0,1.0
Iqbal Abdulla,Arun Jaitley Stadium,4.25,1.0
Iqbal Abdulla,DY Patil Stadium,4.0,1.0
Iqbal Abdulla,Eden Gardens,4.666666666666667,4.0
Irfan Pathan,ACA-VDCA Stadium,5.66,0.0
Irfan Pathan,Arun Jaitley Stadium,4.470000000000001,1.0
Irfan Pathan,Barabati Stadium,5.33,1.0
Irfan Pathan,Dubai International Stadium,5.0,2.0
Irfan Pathan,IS Bindra Stadium,4.375,6.0
Irfan Pathan,Kingsmead,4.875,4.0
Irfan Pathan,M. Chinnaswamy Stadium,3.9,1.0
Irfan Pathan,Maharashtra Cricket Association's International Stadium,5.0,1.0
Irfan Pathan,OUTsurance Oval,5.5,2.0
Irfan Pathan,Sawai Mansingh Stadium,5.25,1.0
Irfan Pathan,Shaheed Veer Narayan Singh International Cricket Stadium,4.0,1.0
Irfan Pathan,Supersport Park,4.2,0.0
Irfan Pathan,Wankhede Stadium,4.5,2.0
Ish Sodhi,Eden Gardens,4.5,1.0
Ish Sodhi,Sawai Mansingh Stadium,3.5,1.0
Ishant Sharma,ACA-VDCA Stadium,6.0,1.0
Ishant Sharma,Arun Jaitley Stadium,5.66,0.0
Ishant Sharma,Eden Gardens,4.75,2.0
Ishant Sharma,Jawaharlal Nehru Stadium,4.0,5.0
Ishant Sharma,Kingsmead,3.75,4.0
Ishant Sharma,M. Chinnaswamy Stadium,2.25,2.0
Ishant Sharma,New Wanderers Stadium,5.75,4.0
Ishant Sharma,Newlands,4.33,0.0
Ishant Sharma,Rajiv Gandhi Intl. Cricket Stadium,4.482,6.0
Ishwar Pandey,Dubai International Stadium,5.375,1.0
Ishwar Pandey,M. Chinnaswamy Stadium,5.25,1.0
Ishwar Pandey,Narendra Modi Stadium,6.0,0.0
Ishwar Pandey,Zayed Cricket Stadium,5.75,2.0
JM Kemp,Eden Gardens,4.0,3.0
JP Duminy,ACA-VDCA Stadium,5.66,4.0
JP Duminy,Arun Jaitley Stadium,3.75,1.0
JP Duminy,Buffalo Park,3.75,1.0
JP Duminy,IS Bindra Stadium,5.0,1.0
JP Duminy,Kingsmead,5.66,0.0
JP Duminy,Sharjah Cricket Stadium,4.665,0.0
JP Duminy,St George's Park,4.5,0.0
JP Duminy,Supersport Park,3.75,2.0
JP Duminy,Wankhede Stadium,1.5,1.0
Jacques Kallis,Arun Jaitley Stadium,5.0,2.0
Jacques Kallis,Chidambaram,4.5,2.0
Jacques Kallis,DY Patil Stadium,1.5,2.0
Jacques Kallis,Eden Gardens,3.375,5.0
Jacques Kallis,JSCA Stadium,4.25,2.0
Jacques Kallis,Kingsmead,4.5,2.0
Jacques Kallis,M. Chinnaswamy Stadium,4.6225000000000005,6.0
Jacques Kallis,New Wanderers Stadium,4.25,1.0
Jacques Kallis,Sawai Mansingh Stadium,4.75,1.0
Jacques Kallis,Supersport Park,5.0,1.0
Jacques Kallis,Wankhede Stadium,4.5,2.0
Jagadeesha Suchith,Chidambaram,5.25,1.0
Jagadeesha Suchith,DY Patil Stadium,7.0,1.0
Jagadeesha Suchith,Rajiv Gandhi Intl. Cricket Stadium,4.66,2.0
Jagadeesha Suchith,Wankhede Stadium,7.75,4.0
James Faulkner,Arun Jaitley Stadium,4.5,1.0
James Faulkner,Brabourne Stadium,5.5,2.0
James Faulkner,Chidambaram,5.0,3.0
James Faulkner,Eden Gardens,4.0,0.0
James Faulkner,M. Chinnaswamy Stadium,5.0,1.0
James Faulkner,Maharashtra Cricket Association's International Stadium,5.375,5.0
James Faulkner,Narendra Modi Stadium,5.0,0.0
James Faulkner,Rajiv Gandhi Intl. Cricket Stadium,4.0,5.0
James Faulkner,Sawai Mansingh Stadium,4.9,8.0
James Faulkner,Zayed Cricket Stadium,5.5,3.0
James Pattinson,Zayed Cricket Stadium,6.125,4.0
Jaskaran Singh,Eden Gardens,6.0,2.0
Jason Behrendorff,Wankhede Stadium,5.5,2.0
Jason Holder,Brabourne - CCI,8.5,1.0
Jason Holder,DY Patil Stadium,8.375,5.0
Jason Holder,Maharashtra Cricket Association Stadium,10.25,1.0
Jason Holder,Sawai Mansingh Stadium,5.0,2.0
Jason Holder,Sharjah Cricket Stadium,5.5,5.0
Jason Holder,Wankhede Stadium,10.916666666666666,3.0
Jason Holder,Zayed Cricket Stadium,6.25,3.0
Jasprit Bumrah,ACA-VDCA Stadium,3.25,3.0
Jasprit Bumrah,Arun Jaitley Stadium,4.125,3.0
Jasprit Bumrah,Brabourne - CCI,9.0,0.0
Jasprit Bumrah,Chidambaram,3.415,3.0
Jasprit Bumrah,DY Patil Stadium,5.1875,8.0
Jasprit Bumrah,Dubai International Stadium,4.583333333333333,10.0
Jasprit Bumrah,Eden Gardens,5.66,1.0
Jasprit Bumrah,Holkar Cricket Stadium,4.75,1.0
Jasprit Bumrah,IS Bindra Stadium,6.5,3.0
Jasprit Bumrah,M. Chinnaswamy Stadium,4.276666666666666,7.0
Jasprit Bumrah,Maharashtra Cricket Association Stadium,7.375,1.0
Jasprit Bumrah,Rajiv Gandhi Intl. Cricket Stadium,5.053333333333334,3.0
Jasprit Bumrah,Sawai Mansingh Stadium,5.25,1.0
Jasprit Bumrah,Sharjah Cricket Stadium,4.875,4.0
Jasprit Bumrah,Wankhede Stadium,5.975,18.0
Jasprit Bumrah,Zayed Cricket Stadium,4.9,12.0
Jayant Yadav,Arun Jaitley Stadium,6.0,1.0
Jayant Yadav,Chidambaram,5.0,0.0
Jayant Yadav,Dubai International Stadium,6.0,0.0
Jayant Yadav,Shaheed Veer Narayan Singh International Cricket Stadium,4.375,2.0
Jaydev Unadkat,Brabourne - CCI,8.0,2.0
Jaydev Unadkat,DY Patil Stadium,12.0,2.0
Jaydev Unadkat,IS Bindra Stadium,1.5,1.0
Jaydev Unadkat,M. Chinnaswamy Stadium,6.25,2.0
Jaydev Unadkat,Maharashtra Cricket Association Stadium,9.25,2.0
Jaydev Unadkat,Maharashtra Cricket Association's International Stadium,4.375,3.0
Jaydev Unadkat,Rajiv Gandhi Intl. Cricket Stadium,4.75,2.0
Jaydev Unadkat,Wankhede Stadium,6.25,4.0
Jesse Ryder,DY Patil Stadium,3.5,2.0
Jesse Ryder,Newlands,3.5,2.0
Jimmy Neesham,Sharjah Cricket Stadium,3.0,3.0
Jofra Archer,Chidambaram,4.25,2.0
Jofra Archer,Dubai International Stadium,5.1,9.0
Jofra Archer,IS Bindra Stadium,3.75,3.0
Jofra Archer,Sawai Mansingh Stadium,4.932,5.0
Jofra Archer,Sharjah Cricket Stadium,6.0,3.0
Jofra Archer,Wankhede Stadium,4.0,2.0
Jofra Archer,Zayed Cricket Stadium,4.75,2.0
Johan Botha,Arun Jaitley Stadium,3.66,1.0
Johan Botha,IS Bindra Stadium,5.25,2.0
Johan Botha,Kingsmead,4.75,2.0
Johan Botha,Rajiv Gandhi Intl. Cricket Stadium,3.66,2.0
Johan Botha,Sawai Mansingh Stadium,3.875,4.0
John Hastings,Eden Gardens,2.25,2.0
Josh Hazlewood,Brabourne - CCI,16.0,0.0
Josh Hazlewood,DY Patil Stadium,7.25,5.0
Josh Hazlewood,Eden Gardens,10.75,3.0
Josh Hazlewood,Maharashtra Cricket Association Stadium,4.75,3.0
Josh Hazlewood,Narendra Modi Stadium,5.75,2.0
Josh Hazlewood,Sharjah Cricket Stadium,6.0,3.0
Josh Hazlewood,Wankhede Stadium,7.0,7.0
Josh Hazlewood,Zayed Cricket Stadium,4.75,1.0
Juan Theron,Arun Jaitley Stadium,5.5,1.0
Juan Theron,Chidambaram,4.25,2.0
KC Cariappa,IS Bindra Stadium,5.33,2.0
KC Cariappa,Saurashtra Cricket Association Stadium,5.5,2.0
KP Appanna,Kingsmead,5.0,0.0
KP Appanna,Sawai Mansingh Stadium,4.75,4.0
Kagiso Rabada,Arun Jaitley Stadium,5.75,2.0
Kagiso Rabada,Brabourne - CCI,7.0,5.0
Kagiso Rabada,DY Patil Stadium,7.75,5.0
Kagiso Rabada,Dubai International Stadium,5.625,4.0
Kagiso Rabada,Eden Gardens,6.0,2.0
Kagiso Rabada,M. Chinnaswamy Stadium,5.25,4.0
Kagiso Rabada,Maharashtra Cricket Association Stadium,8.375,6.0
Kagiso Rabada,Rajiv Gandhi Intl. Cricket Stadium,5.73,4.0
Kagiso Rabada,Sharjah Cricket Stadium,5.75,2.0
Kagiso Rabada,Wankhede Stadium,8.375,6.0
Kagiso Rabada,Zayed Cricket Stadium,5.25,2.0
Kamlesh Nagarkoti,Dubai International Stadium,6.0,1.0
Kamlesh Nagarkoti,Zayed Cricket Stadium,5.5,0.0
Kamran Khan,Newlands,4.125,5.0
Kane Richardson,Maharashtra Cricket Association's International Stadium,4.33,3.0
Kane Richardson,Zayed Cricket Stadium,4.5,2.0
Karan Goel,Kingsmead,5.5,0.0
Karanveer Singh,IS Bindra Stadium,4.75,4.0
Karn Sharma,ACA-VDCA Stadium,6.33,1.0
Karn Sharma,Arun Jaitley Stadium,3.0,3.0
Karn Sharma,Chidambaram,2.0,0.0
Karn Sharma,Dubai International Stadium,5.75,1.0
Karn Sharma,IS Bindra Stadium,5.5,1.0
Karn Sharma,JSCA Stadium,4.75,2.0
Karn Sharma,M. Chinnaswamy Stadium,4.416666666666667,8.0
Karn Sharma,Maharashtra Cricket Association's International Stadium,4.33,1.0
Karn Sharma,Narendra Modi Stadium,5.0,1.0
Karn Sharma,Rajiv Gandhi Intl. Cricket Stadium,4.6875,3.0
Karn Sharma,Shaheed Veer Narayan Singh International Cricket Stadium,4.0,2.0
Karn Sharma,Zayed Cricket Stadium,5.125,2.0
Kartik Tyagi,Brabourne - CCI,9.25,0.0
Kartik Tyagi,Wankhede Stadium,10.5,1.0
Keemo Paul,Arun Jaitley Stadium,4.73,0.0
Keemo Paul,Rajiv Gandhi Intl. Cricket Stadium,4.25,3.0
Kevin Pietersen,DY Patil Stadium,5.0,1.0
Kevin Pietersen,St George's Park,4.66,1.0
Kevon Cooper,Arun Jaitley Stadium,4.75,0.0
Kevon Cooper,Sawai Mansingh Stadium,3.75,3.0
Khaleel Ahmed,Brabourne - CCI,6.4375,10.0
Khaleel Ahmed,Chidambaram,5.25,3.0
Khaleel Ahmed,DY Patil Stadium,8.875,2.0
Khaleel Ahmed,Maharashtra Cricket Association Stadium,8.5,2.0
Khaleel Ahmed,Rajiv Gandhi Intl. Cricket Stadium,5.5,1.0
Khaleel Ahmed,Wankhede Stadium,10.375,2.0
Kieron Pollard,Arun Jaitley Stadium,6.0,2.0
Kieron Pollard,Brabourne Stadium,3.75,0.0
Kieron Pollard,Chidambaram,4.375,2.0
Kieron Pollard,DY Patil Stadium,7.875,4.0
Kieron Pollard,Sharjah Cricket Stadium,4.5,0.0
Kieron Pollard,Wankhede Stadium,4.25,3.0
Krishnappa Gowtham,Arun Jaitley Stadium,4.0,0.0
Krishnappa Gowtham,DY Patil Stadium,5.75,1.0
Krishnappa Gowtham,Eden Gardens,5.0,2.0
Krishnappa Gowtham,Holkar Cricket Stadium,6.0,1.0
Krishnappa Gowtham,Sawai Mansingh Stadium,4.4,7.0
Krishnappa Gowtham,Wankhede Stadium,7.5,2.0
Krunal Pandya,Arun Jaitley Stadium,5.083333333333333,2.0
Krunal Pandya,Chidambaram,3.61,4.0
Krunal Pandya,DY Patil Stadium,7.0,3.0
Krunal Pandya,Dubai International Stadium,5.276666666666666,1.0
Krunal Pandya,Eden Gardens,6.765,3.0
Krunal Pandya,M. Chinnaswamy Stadium,5.0,2.0
Krunal Pandya,Maharashtra Cricket Association Stadium,4.375,2.0
Krunal Pandya,Rajiv Gandhi Intl. Cricket Stadium,4.75,0.0
Krunal Pandya,Saurashtra Cricket Association Stadium,3.5,3.0
Krunal Pandya,Sharjah Cricket Stadium,5.33,0.0
Krunal Pandya,Wankhede Stadium,5.25,10.0
Krunal Pandya,Zayed Cricket Stadium,5.75,0.0
Kuldeep Sen,DY Patil Stadium,12.75,1.0
Kuldeep Sen,Wankhede Stadium,9.625,1.0
Kuldeep Yadav,Brabourne - CCI,7.3125,10.0
Kuldeep Yadav,Chidambaram,4.0,0.0
Kuldeep Yadav,Eden Gardens,5.25,7.0
Kuldeep Yadav,M. Chinnaswamy Stadium,5.0,1.0
Kuldeep Yadav,Maharashtra Cricket Association Stadium,8.0,1.0
Kuldeep Yadav,Sawai Mansingh Stadium,5.75,1.0
Kuldeep Yadav,Wankhede Stadium,9.875,2.0
Kuldeep Yadav,Zayed Cricket Stadium,6.0,0.0
Kumar Kartikeya Singh,DY Patil Stadium,4.75,1.0
Lakshmipathy Balaji,Chidambaram,6.0,5.0
Lakshmipathy Balaji,De Beers Diamond Oval,4.33,1.0
Lakshmipathy Balaji,Dubai International Stadium,4.25,1.0
Lakshmipathy Balaji,Eden Gardens,4.616666666666666,6.0
Lakshmipathy Balaji,IS Bindra Stadium,5.0,1.0
Lakshmipathy Balaji,Kingsmead,4.75,3.0
Lakshmipathy Balaji,M. Chinnaswamy Stadium,4.5,4.0
Lakshmipathy Balaji,Maharashtra Cricket Association's International Stadium,5.21,1.0
Lakshmipathy Balaji,Sharjah Cricket Stadium,3.25,4.0
Lakshmipathy Balaji,Wankhede Stadium,3.1933333333333334,2.0
Lalit Yadav,Chidambaram,4.25,1.0
Lalit Yadav,DY Patil Stadium,5.25,1.0
Lalit Yadav,Narendra Modi Stadium,4.33,2.0
Lalit Yadav,Wankhede Stadium,10.25,0.0
Lasith Malinga,Arun Jaitley Stadium,3.9299999999999997,8.0
Lasith Malinga,Brabourne Stadium,5.5,6.0
Lasith Malinga,Chidambaram,4.17,2.0
Lasith Malinga,DY Patil Stadium,3.27,3.0
Lasith Malinga,Dubai International Stadium,5.5,0.0
Lasith Malinga,Eden Gardens,6.25,2.0
Lasith Malinga,Kingsmead,3.875,5.0
Lasith Malinga,Newlands,3.75,3.0
Lasith Malinga,Rajiv Gandhi Intl. Cricket Stadium,3.9166666666666665,5.0
Lasith Malinga,Sawai Mansingh Stadium,5.375,1.0
Lasith Malinga,Sharjah Cricket Stadium,4.25,2.0
Lasith Malinga,St George's Park,4.73,4.0
Lasith Malinga,Wankhede Stadium,4.510625,30.0
Lasith Malinga,Zayed Cricket Stadium,5.75,4.0
Laxmi Ratan Shukla,Kingsmead,5.0,0.0
Liam Livingstone,DY Patil Stadium,6.75,3.0
Liam Livingstone,Wankhede Stadium,6.25,0.0
Liam Plunkett,Arun Jaitley Stadium,5.125,3.0
Lockie Ferguson,Brabourne - CCI,8.583333333333334,3.0
Lockie Ferguson,DY Patil Stadium,8.5,4.0
Lockie Ferguson,Maharashtra Cricket Association Stadium,9.25,4.0
Lockie Ferguson,Maharashtra Cricket Association's International Stadium,1.75,2.0
Lockie Ferguson,Sharjah Cricket Stadium,4.75,5.0
Lockie Ferguson,Wankhede Stadium,9.5,0.0
Lockie Ferguson,Zayed Cricket Stadium,4.666666666666667,6.0
Lungi Ngidi,Arun Jaitley Stadium,4.66,2.0
Lungi Ngidi,Maharashtra Cricket Association's International Stadium,4.25,5.0
Lungi Ngidi,Wankhede Stadium,5.0,1.0
MF Maharoof,Arun Jaitley Stadium,3.54,4.0
MF Maharoof,M. Chinnaswamy Stadium,3.25,2.0
MF Maharoof,Sawai Mansingh Stadium,5.5,1.0
Maheesh Theekshana,DY Patil Stadium,8.0,6.0
Maheesh Theekshana,Maharashtra Cricket Association Stadium,6.416666666666667,5.0
Maheesh Theekshana,Wankhede Stadium,8.0,1.0
Makhaya Ntini,DY Patil Stadium,5.25,0.0
Makhaya Ntini,Eden Gardens,5.25,4.0
Makhaya Ntini,Rajiv Gandhi Intl. Cricket Stadium,6.0,1.0
Makhaya Ntini,Sawai Mansingh Stadium,5.66,0.0
Makhaya Ntini,Wankhede Stadium,5.75,2.0
Manpreet Gony,Chidambaram,4.083333333333333,4.0
Manpreet Gony,Eden Gardens,4.25,0.0
Manpreet Gony,IS Bindra Stadium,4.5,1.0
Manpreet Gony,Kingsmead,4.5,0.0
Manpreet Gony,Rajiv Gandhi Intl. Cricket Stadium,5.25,1.0
Manpreet Gony,Wankhede Stadium,3.5,2.0
Marco Jansen,Brabourne - CCI,6.375,4.0
Marco Jansen,DY Patil Stadium,7.666666666666667,2.0
Marco Jansen,Maharashtra Cricket Association Stadium,8.5,1.0
Marco Jansen,Wankhede Stadium,15.75,0.0
Marcus Stoinis,ACA-VDCA Stadium,3.75,4.0
Marcus Stoinis,Saurashtra Cricket Association Stadium,5.75,0.0
Marlon Samuels,M. Chinnaswamy Stadium,2.5,1.0
Marlon Samuels,Wankhede Stadium,5.25,1.0
Mayank Markande,Rajiv Gandhi Intl. Cricket Stadium,5.75,4.0
Mayank Markande,Wankhede Stadium,5.875,7.0
Michael Clarke,Maharashtra Cricket Association's International Stadium,4.5,0.0
Mitchell Johnson,Dubai International Stadium,4.75,2.0
Mitchell Johnson,Eden Gardens,4.75,2.0
Mitchell Johnson,M. Chinnaswamy Stadium,5.0,1.0
Mitchell Johnson,Maharashtra Cricket Association's International Stadium,2.0,2.0
Mitchell Johnson,Wankhede Stadium,4.916666666666667,4.0
Mitchell Marsh,Arun Jaitley Stadium,5.07,1.0
Mitchell Marsh,Brabourne - CCI,9.0,1.0
Mitchell Marsh,Maharashtra Cricket Association's International Stadium,3.5,2.0
Mitchell Marsh,Rajiv Gandhi Intl. Cricket Stadium,3.5,2.0
Mitchell Marsh,Wankhede Stadium,5.25,2.0
Mitchell McClenaghan,Eden Gardens,6.25,5.0
Mitchell McClenaghan,IS Bindra Stadium,6.25,0.0
Mitchell McClenaghan,M. Chinnaswamy Stadium,5.0,2.0
Mitchell McClenaghan,Rajiv Gandhi Intl. Cricket Stadium,5.0,3.0
Mitchell McClenaghan,Wankhede Stadium,5.4,12.0
Mitchell Santner,Chidambaram,3.25,2.0
Mitchell Santner,Dubai International Stadium,5.75,1.0
Mitchell Santner,Wankhede Stadium,6.875,1.0
Mitchell Starc,Arun Jaitley Stadium,5.0,3.0
Mitchell Starc,Chidambaram,6.0,3.0
Mitchell Starc,Dubai International Stadium,4.5,2.0
Mitchell Starc,JSCA Stadium,5.75,0.0
Mitchell Starc,M. Chinnaswamy Stadium,5.0,7.0
Mitchell Starc,Maharashtra Cricket Association's International Stadium,5.5,1.0
Mitchell Starc,Narendra Modi Stadium,5.5,3.0
Mithun Manhas,DY Patil Stadium,4.66,0.0
Moeen Ali,Brabourne - CCI,5.25,1.0
Moeen Ali,Chidambaram,4.75,1.0
Moeen Ali,DY Patil Stadium,3.25,3.0
Moeen Ali,Dubai International Stadium,5.33,0.0
Moeen Ali,Holkar Cricket Stadium,6.0,1.0
Moeen Ali,IS Bindra Stadium,4.75,1.0
Moeen Ali,M. Chinnaswamy Stadium,5.5,1.0
Moeen Ali,Maharashtra Cricket Association Stadium,7.0,2.0
Moeen Ali,Wankhede Stadium,4.163333333333333,6.0
Mohammad Asif,Rajiv Gandhi Intl. Cricket Stadium,4.75,2.0
Mohammad Hafeez,Eden Gardens,2.0,1.0
Mohammad Nabi,Arun Jaitley Stadium,5.25,2.0
Mohammad Nabi,Green Park,5.66,0.0
Mohammad Nabi,Rajiv Gandhi Intl. Cricket Stadium,3.0833333333333335,6.0
Mohammad Nabi,Wankhede Stadium,6.0,1.0
Mohammad Nabi,Zayed Cricket Stadium,5.75,0.0
Mohammad Shami,Arun Jaitley Stadium,5.5,2.0
Mohammad Shami,Brabourne - CCI,9.75,2.0
Mohammad Shami,Chidambaram,5.25,2.0
Mohammad Shami,DY Patil Stadium,8.375,4.0
Mohammad Shami,Dubai International Stadium,4.982,9.0
Mohammad Shami,Eden Gardens,10.75,1.0
Mohammad Shami,IS Bindra Stadium,5.33,3.0
Mohammad Shami,Maharashtra Cricket Association Stadium,6.25,3.0
Mohammad Shami,Narendra Modi Stadium,8.25,1.0
Mohammad Shami,Sharjah Cricket Stadium,3.5,2.0
Mohammad Shami,Wankhede Stadium,6.25,13.0
Mohammed Siraj,Brabourne - CCI,8.75,0.0
Mohammed Siraj,Chidambaram,4.553333333333334,1.0
Mohammed Siraj,DY Patil Stadium,9.5,4.0
Mohammed Siraj,Dubai International Stadium,5.0,1.0
Mohammed Siraj,Eden Gardens,10.25,1.0
Mohammed Siraj,Holkar Cricket Stadium,5.66,1.0
Mohammed Siraj,Maharashtra Cricket Association Stadium,10.125,2.0
Mohammed Siraj,Rajiv Gandhi Intl. Cricket Stadium,6.25,3.0
Mohammed Siraj,Sharjah Cricket Stadium,4.75,2.0
Mohammed Siraj,Wankhede Stadium,9.25,2.0
Mohammed Siraj,Zayed Cricket Stadium,3.83,3.0
Mohit Sharma,Arun Jaitley Stadium,4.165,3.0
Mohit Sharma,Chidambaram,4.79,4.0
Mohit Sharma,Dubai International Stadium,3.5,4.0
Mohit Sharma,Eden Gardens,4.915,1.0
Mohit Sharma,IS Bindra Stadium,5.5,3.0
Mohit Sharma,JSCA Stadium,5.5,1.0
Mohit Sharma,M. Chinnaswamy Stadium,5.665,3.0
Mohit Sharma,Maharashtra Cricket Association's International Stadium,5.25,3.0
Mohit Sharma,Rajiv Gandhi Intl. Cricket Stadium,6.25,2.0
Mohit Sharma,Wankhede Stadium,5.0,0.0
Mohit Sharma,Zayed Cricket Stadium,5.66,1.0
Mohsin Khan,Brabourne - CCI,10.75,0.0
Mohsin Khan,DY Patil Stadium,5.0,3.0
Mohsin Khan,Eden Gardens,6.25,1.0
Mohsin Khan,Maharashtra Cricket Association Stadium,5.25,4.0
Mohsin Khan,Wankhede Stadium,5.375,5.0
Moises Henriques,ACA-VDCA Stadium,4.5,1.0
Moises Henriques,Arun Jaitley Stadium,5.66,2.0
Moises Henriques,Chidambaram,4.0,0.0
Moises Henriques,Narendra Modi Stadium,5.5,1.0
Moises Henriques,Rajiv Gandhi Intl. Cricket Stadium,4.96125,10.0
Moises Henriques,Saurashtra Cricket Association Stadium,5.66,0.0
Moises Henriques,Sawai Mansingh Stadium,3.0,1.0
Moises Henriques,Sharjah Cricket Stadium,3.0,3.0
Morne Morkel,Arun Jaitley Stadium,5.0,3.0
Morne Morkel,Barabati Stadium,5.0,2.0
Morne Morkel,Eden Gardens,5.166666666666667,4.0
Morne Morkel,HPCA Stadium,5.0,4.0
Morne Morkel,Jawaharlal Nehru Stadium,4.5,3.0
Morne Morkel,Sawai Mansingh Stadium,2.75,1.0
Morne Morkel,Supersport Park,5.0,0.0
Morne Morkel,Zayed Cricket Stadium,4.0,1.0
Mujeeb Ur Rahman,Arun Jaitley Stadium,6.25,2.0
Mujeeb Ur Rahman,IS Bindra Stadium,6.0,0.0
Mujeeb Ur Rahman,Rajiv Gandhi Intl. Cricket Stadium,4.25,1.0
Mujeeb Ur Rahman,Sawai Mansingh Stadium,5.25,2.0
Mukesh Choudhary,Brabourne - CCI,11.625,1.0
Mukesh Choudhary,DY Patil Stadium,7.5,1.0
Mukesh Choudhary,Maharashtra Cricket Association Stadium,11.5,4.0
Mukesh Choudhary,Wankhede Stadium,7.375,3.0
Munaf Patel,ACA-VDCA Stadium,5.0,4.0
Munaf Patel,Eden Gardens,5.5,2.0
Munaf Patel,IS Bindra Stadium,5.25,5.0
Munaf Patel,Kingsmead,4.615,4.0
Munaf Patel,M. Chinnaswamy Stadium,3.33,0.0
Munaf Patel,Sawai Mansingh Stadium,4.9375,6.0
Munaf Patel,Supersport Park,3.5,2.0
Munaf Patel,Wankhede Stadium,4.403333333333333,9.0
Murali Kartik,Brabourne Stadium,5.25,1.0
Murali Kartik,DY Patil Stadium,5.66,1.0
Murali Kartik,Eden Gardens,5.095,7.0
Murali Kartik,JSCA Stadium,4.25,1.0
Murali Kartik,Kingsmead,4.5,0.0
Murali Kartik,New Wanderers Stadium,4.0,1.0
Murali Kartik,Wankhede Stadium,4.66,2.0
Murali Vijay,IS Bindra Stadium,5.33,0.0
Murugan Ashwin,Brabourne - CCI,6.333333333333333,5.0
Murugan Ashwin,Chidambaram,5.625,0.0
Murugan Ashwin,DY Patil Stadium,8.75,1.0
Murugan Ashwin,IS Bindra Stadium,6.0,1.0
Murugan Ashwin,Maharashtra Cricket Association Stadium,8.5,1.0
Murugan Ashwin,Maharashtra Cricket Association's International Stadium,5.66,1.0
Murugan Ashwin,Sharjah Cricket Stadium,5.75,2.0
Murugan Ashwin,Wankhede Stadium,4.0,1.0
Murugan Ashwin,Zayed Cricket Stadium,4.25,0.0
Mustafizur Rahman,ACA-VDCA Stadium,5.33,3.0
Mustafizur Rahman,Arun Jaitley Stadium,5.0,3.0
Mustafizur Rahman,Brabourne - CCI,6.125,1.0
Mustafizur Rahman,DY Patil Stadium,6.5,0.0
Mustafizur Rahman,M. Chinnaswamy Stadium,6.5,2.0
Mustafizur Rahman,Maharashtra Cricket Association Stadium,5.75,3.0
Mustafizur Rahman,Rajiv Gandhi Intl. Cricket Stadium,4.166666666666667,7.0
Mustafizur Rahman,Saurashtra Cricket Association Stadium,4.75,1.0
Mustafizur Rahman,Shaheed Veer Narayan Singh International Cricket Stadium,6.0,1.0
Mustafizur Rahman,Wankhede Stadium,7.5928571428571425,7.0
Mustafizur Rahman,Zayed Cricket Stadium,5.5,2.0
Muttiah Muralitharan,Buffalo Park,3.66,2.0
Muttiah Muralitharan,Chidambaram,4.708333333333333,8.0
Muttiah Muralitharan,DY Patil Stadium,4.125,2.0
Muttiah Muralitharan,De Beers Diamond Oval,5.5,2.0
Muttiah Muralitharan,Eden Gardens,4.25,2.0
Muttiah Muralitharan,Kingsmead,3.125,3.0
Muttiah Muralitharan,M. Chinnaswamy Stadium,4.25,1.0
Muttiah Muralitharan,Maharashtra Cricket Association's International Stadium,4.0,2.0
Muttiah Muralitharan,New Wanderers Stadium,4.625,2.0
Muttiah Muralitharan,Rajiv Gandhi Intl. Cricket Stadium,5.0,2.0
Muttiah Muralitharan,Sawai Mansingh Stadium,5.0,1.0
Muttiah Muralitharan,St George's Park,3.75,3.0
Muttiah Muralitharan,Supersport Park,4.0,1.0
Muttiah Muralitharan,Wankhede Stadium,4.75,1.0
Nathan Coulter-Nile,Arun Jaitley Stadium,5.25,7.0
Nathan Coulter-Nile,M. Chinnaswamy Stadium,5.0,4.0
Nathan Coulter-Nile,Maharashtra Cricket Association's International Stadium,4.66,0.0
Nathan Coulter-Nile,Rajiv Gandhi Intl. Cricket Stadium,6.25,2.0
Nathan Coulter-Nile,Shaheed Veer Narayan Singh International Cricket Stadium,6.25,2.0
Nathan Coulter-Nile,Sharjah Cricket Stadium,4.833333333333333,6.0
Nathan Coulter-Nile,Zayed Cricket Stadium,4.75,0.0
Nathan Ellis,Wankhede Stadium,10.0,3.0
Nathan Ellis,Zayed Cricket Stadium,5.0,1.0
Nathu Singh,M. Chinnaswamy Stadium,4.0,0.0
Nathu Singh,Saurashtra Cricket Association Stadium,3.5,1.0
Navdeep Saini,Chidambaram,6.0,0.0
Navdeep Saini,Dubai International Stadium,5.375,2.0
Navdeep Saini,IS Bindra Stadium,5.75,0.0
Navdeep Saini,M. Chinnaswamy Stadium,6.0,3.0
Navdeep Saini,Sharjah Cricket Stadium,5.455,1.0
Nayan Doshi,DY Patil Stadium,4.25,1.0
Nitish Rana,Eden Gardens,6.0,1.0
Nitish Rana,Sawai Mansingh Stadium,5.5,2.0
Nuwan Kulasekara,Chidambaram,4.625,3.0
Obed McCoy,Brabourne - CCI,6.875,4.0
Obed McCoy,Eden Gardens,10.0,1.0
Obed McCoy,Narendra Modi Stadium,5.75,3.0
Odean Smith,DY Patil Stadium,13.0,0.0
P Parameswaran,Jawaharlal Nehru Stadium,5.25,0.0
Paidikalva Vijaykumar,Arun Jaitley Stadium,6.0,1.0
Paidikalva Vijaykumar,Chidambaram,5.66,1.0
Paidikalva Vijaykumar,M. Chinnaswamy Stadium,6.0,0.0
Pankaj Singh,M. Chinnaswamy Stadium,4.5,2.0
Parveez Rasool,Shaheed Veer Narayan Singh International Cricket Stadium,5.0,1.0
Parvinder Awana,HPCA Stadium,3.0,2.0
Parvinder Awana,IS Bindra Stadium,4.75,2.0
Parvinder Awana,Maharashtra Cricket Association's International Stadium,4.0,1.0
Parvinder Awana,Wankhede Stadium,4.0,0.0
Pat Cummins,Arun Jaitley Stadium,5.5,4.0
Pat Cummins,Brabourne - CCI,12.625,1.0
Pat Cummins,Chidambaram,6.25,0.0
Pat Cummins,DY Patil Stadium,5.5,3.0
Pat Cummins,Dubai International Stadium,4.33,1.0
Pat Cummins,Maharashtra Cricket Association Stadium,12.25,2.0
Pat Cummins,Narendra Modi Stadium,6.0,3.0
Pat Cummins,Wankhede Stadium,5.0,2.0
Pat Cummins,Zayed Cricket Stadium,5.0,4.0
Paul Collingwood,Arun Jaitley Stadium,4.75,2.0
Pawan Negi,Arun Jaitley Stadium,5.0,3.0
Pawan Negi,Eden Gardens,5.375,3.0
Pawan Negi,IS Bindra Stadium,6.25,2.0
Pawan Negi,M. Chinnaswamy Stadium,4.0,1.0
Pawan Negi,Maharashtra Cricket Association's International Stadium,4.5,2.0
Pawan Negi,Saurashtra Cricket Association Stadium,5.25,1.0
Pawan Negi,Sawai Mansingh Stadium,4.5,4.0
Pawan Negi,Shaheed Veer Narayan Singh International Cricket Stadium,6.33,1.0
Pawan Negi,Wankhede Stadium,4.25,2.0
Piyush Chawla,Arun Jaitley Stadium,4.0,2.0
Piyush Chawla,Barabati Stadium,4.75,3.0
Piyush Chawla,Chidambaram,5.0,2.0
Piyush Chawla,Eden Gardens,5.111111111111111,16.0
Piyush Chawla,HPCA Stadium,4.416666666666667,9.0
Piyush Chawla,IS Bindra Stadium,5.166666666666667,10.0
Piyush Chawla,Kingsmead,4.375,1.0
Piyush Chawla,M. Chinnaswamy Stadium,6.25,3.0
Piyush Chawla,Maharashtra Cricket Association's International Stadium,4.75,1.0
Piyush Chawla,New Wanderers Stadium,5.0,0.0
Piyush Chawla,Newlands,5.5,2.0
Piyush Chawla,OUTsurance Oval,5.33,0.0
Piyush Chawla,Rajiv Gandhi Intl. Cricket Stadium,6.0,1.0
Piyush Chawla,Sawai Mansingh Stadium,4.625,1.0
Piyush Chawla,Wankhede Stadium,5.125,1.0
Piyush Chawla,Zayed Cricket Stadium,5.0,5.0
Pradeep Sahu,IS Bindra Stadium,4.5,2.0
Pradeep Sangwan,Arun Jaitley Stadium,5.5,3.0
Pradeep Sangwan,Brabourne - CCI,4.75,2.0
Pradeep Sangwan,DY Patil Stadium,5.25,1.0
Pradeep Sangwan,Narendra Modi Stadium,5.0,1.0
Pragyan Ojha,Arun Jaitley Stadium,4.0,2.0
Pragyan Ojha,Chidambaram,4.583333333333333,5.0
Pragyan Ojha,DY Patil Stadium,5.493333333333333,2.0
Pragyan Ojha,Eden Gardens,4.875,4.0
Pragyan Ojha,Kingsmead,5.375,5.0
Pragyan Ojha,Newlands,3.5,2.0
Pragyan Ojha,Rajiv Gandhi Intl. Cricket Stadium,4.86,1.0
Pragyan Ojha,Vidarbha Cricket Association Stadium,5.5,2.0
Pragyan Ojha,Wankhede Stadium,4.486666666666667,4.0
Prashant Solanki,Wankhede Stadium,4.5,0.0
Prasidh Krishna,Brabourne - CCI,8.916666666666666,3.0
Prasidh Krishna,Chidambaram,5.75,0.0
Prasidh Krishna,DY Patil Stadium,8.416666666666666,2.0
Prasidh Krishna,Maharashtra Cricket Association Stadium,4.875,4.0
Prasidh Krishna,Narendra Modi Stadium,7.75,4.0
Prasidh Krishna,Wankhede Stadium,9.1,6.0
Praveen Kumar,Arun Jaitley Stadium,4.625,0.0
Praveen Kumar,DY Patil Stadium,4.5,2.0
Praveen Kumar,Eden Gardens,4.375,3.0
Praveen Kumar,Green Park,5.833333333333333,4.0
Praveen Kumar,HPCA Stadium,4.4775,4.0
Praveen Kumar,IS Bindra Stadium,5.1033333333333335,4.0
Praveen Kumar,M. Chinnaswamy Stadium,4.6,9.0
Praveen Kumar,New Wanderers Stadium,5.0,0.0
Praveen Kumar,Newlands,2.33,2.0
Praveen Kumar,Rajiv Gandhi Intl. Cricket Stadium,3.875,3.0
Praveen Kumar,Saurashtra Cricket Association Stadium,6.0,0.0
Praveen Kumar,Sawai Mansingh Stadium,2.5,2.0
Praveen Kumar,Wankhede Stadium,6.0,0.0
Pravin Tambe,ACA-VDCA Stadium,5.25,2.0
Pravin Tambe,Arun Jaitley Stadium,6.0,1.0
Pravin Tambe,Maharashtra Cricket Association's International Stadium,5.0,0.0
Pravin Tambe,Narendra Modi Stadium,5.25,1.0
Pravin Tambe,Wankhede Stadium,6.0,2.0
Pravin Tambe,Zayed Cricket Stadium,5.375,4.0
RP Singh,Chidambaram,4.0,2.0
RP Singh,DY Patil Stadium,3.75,2.0
RP Singh,De Beers Diamond Oval,5.5,1.0
RP Singh,Eden Gardens,5.0,1.0
RP Singh,Holkar Cricket Stadium,4.25,1.0
RP Singh,Jawaharlal Nehru Stadium,5.25,2.0
RP Singh,M. Chinnaswamy Stadium,4.125,4.0
RP Singh,New Wanderers Stadium,4.0,1.0
RP Singh,Newlands,4.25,2.0
RP Singh,Rajiv Gandhi Intl. Cricket Stadium,5.0,0.0
RP Singh,Sawai Mansingh Stadium,6.0,1.0
RP Singh,St George's Park,4.5,2.0
RP Singh,Supersport Park,4.75,2.0
RP Singh,Vidarbha Cricket Association Stadium,4.75,5.0
RP Singh,Wankhede Stadium,3.75,0.0
Rahul Chahar,Arun Jaitley Stadium,4.75,3.0
Rahul Chahar,Brabourne - CCI,8.583333333333334,6.0
Rahul Chahar,Chidambaram,4.5625,6.0
Rahul Chahar,DY Patil Stadium,5.75,3.0
Rahul Chahar,Dubai International Stadium,5.75,1.0
Rahul Chahar,Maharashtra Cricket Association Stadium,9.25,2.0
Rahul Chahar,Rajiv Gandhi Intl. Cricket Stadium,4.375,3.0
Rahul Chahar,Sharjah Cricket Stadium,5.5,2.0
Rahul Chahar,Wankhede Stadium,4.666666666666667,2.0
Rahul Chahar,Zayed Cricket Stadium,4.5,2.0
Rahul Sharma,DY Patil Stadium,3.125,3.0
Rahul Sharma,IS Bindra Stadium,4.25,2.0
Rahul Sharma,Maharashtra Cricket Association's International Stadium,4.86,6.0
Rahul Sharma,Sawai Mansingh Stadium,3.25,3.0
Rahul Sharma,Wankhede Stadium,4.33,2.0
Rahul Tewatia,Arun Jaitley Stadium,3.33,1.0
Rahul Tewatia,Dubai International Stadium,6.25,3.0
Rahul Tewatia,Eden Gardens,6.0,3.0
Rahul Tewatia,IS Bindra Stadium,5.5,4.0
Rahul Tewatia,M. Chinnaswamy Stadium,5.66,1.0
Rahul Tewatia,Maharashtra Cricket Association's International Stadium,4.66,0.0
Rahul Tewatia,Sharjah Cricket Stadium,5.0,1.0
Rahul Tewatia,Zayed Cricket Stadium,5.08,2.0
Raiphi Gomez,Jawaharlal Nehru Stadium,3.5,2.0
Rajagopal Sathish,Eden Gardens,5.5,1.0
Rajat Bhatia,Arun Jaitley Stadium,4.875,4.0
Rajat Bhatia,Dubai International Stadium,3.25,2.0
Rajat Bhatia,Eden Gardens,4.333333333333333,2.0
Rajat Bhatia,Maharashtra Cricket Association's International Stadium,4.69,5.0
Rajat Bhatia,Narendra Modi Stadium,5.875,5.0
Rajat Bhatia,Wankhede Stadium,2.5,1.0
Rajat Bhatia,Zayed Cricket Stadium,5.5,2.0
Ramesh Powar,Chidambaram,5.5,1.0
Ramesh Powar,Eden Gardens,5.75,0.0
Ramesh Powar,IS Bindra Stadium,5.0,1.0
Ramesh Powar,Kingsmead,4.75,1.0
Ramesh Powar,New Wanderers Stadium,5.5,2.0
Ramesh Powar,Newlands,5.0,0.0
Ramesh Powar,St George's Park,4.0,0.0
Rashid Khan,ACA-VDCA Stadium,3.75,2.0
Rashid Khan,Arun Jaitley Stadium,5.25,1.0
Rashid Khan,Brabourne - CCI,6.25,6.0
Rashid Khan,Chidambaram,5.0625,5.0
Rashid Khan,DY Patil Stadium,5.9375,3.0
Rashid Khan,Dubai International Stadium,4.035714285714286,12.0
Rashid Khan,Eden Gardens,4.25,3.0
Rashid Khan,IS Bindra Stadium,4.5,2.0
Rashid Khan,M. Chinnaswamy Stadium,5.5,0.0
Rashid Khan,Maharashtra Cricket Association Stadium,7.375,1.0
Rashid Khan,Maharashtra Cricket Association's International Stadium,4.25,1.0
Rashid Khan,Narendra Modi Stadium,4.5,1.0
Rashid Khan,Rajiv Gandhi Intl. Cricket Stadium,5.083333333333333,20.0
Rashid Khan,Sharjah Cricket Stadium,5.25,3.0
Rashid Khan,Wankhede Stadium,6.138888888888889,9.0
Rashid Khan,Zayed Cricket Stadium,5.083333333333333,4.0
Ravi Bishnoi,Brabourne - CCI,7.416666666666667,5.0
Ravi Bishnoi,Chidambaram,5.25,2.0
Ravi Bishnoi,DY Patil Stadium,8.25,3.0
Ravi Bishnoi,Dubai International Stadium,5.0625,5.0
Ravi Bishnoi,Eden Gardens,11.25,1.0
Ravi Bishnoi,Maharashtra Cricket Association Stadium,10.25,1.0
Ravi Bishnoi,Narendra Modi Stadium,4.5,2.0
Ravi Bishnoi,Sharjah Cricket Stadium,5.5,5.0
Ravi Bishnoi,Wankhede Stadium,7.583333333333333,1.0
Ravi Bishnoi,Zayed Cricket Stadium,5.955,3.0
Ravi Bopara,ACA-VDCA Stadium,4.5,2.0
Ravi Rampaul,JSCA Stadium,4.25,1.0
Ravi Rampaul,M. Chinnaswamy Stadium,5.215,4.0
Ravi Rampaul,Zayed Cricket Stadium,4.0,0.0
Ravichandran Ashwin,ACA-VDCA Stadium,4.583333333333333,1.0
Ravichandran Ashwin,Arun Jaitley Stadium,4.625,2.0
Ravichandran Ashwin,Brabourne - CCI,7.5,3.0
Ravichandran Ashwin,Chidambaram,4.617647058823529,30.0
Ravichandran Ashwin,DY Patil Stadium,6.5,3.0
Ravichandran Ashwin,Dubai International Stadium,4.6875,2.0
Ravichandran Ashwin,Eden Gardens,6.375,3.0
Ravichandran Ashwin,HPCA Stadium,5.0,1.0
Ravichandran Ashwin,Holkar Cricket Stadium,5.75,0.0
Ravichandran Ashwin,IS Bindra Stadium,5.25,4.0
Ravichandran Ashwin,JSCA Stadium,4.166666666666667,4.0
Ravichandran Ashwin,Kingsmead,3.25,2.0
Ravichandran Ashwin,M. Chinnaswamy Stadium,4.125,2.0
Ravichandran Ashwin,Maharashtra Cricket Association Stadium,4.75,3.0
Ravichandran Ashwin,Maharashtra Cricket Association's International Stadium,4.75,0.0
Ravichandran Ashwin,Narendra Modi Stadium,7.75,1.0
Ravichandran Ashwin,Rajiv Gandhi Intl. Cricket Stadium,3.5,1.0
Ravichandran Ashwin,Sawai Mansingh Stadium,5.0,1.0
Ravichandran Ashwin,Shaheed Veer Narayan Singh International Cricket Stadium,6.0,0.0
Ravichandran Ashwin,Sharjah Cricket Stadium,4.875,2.0
Ravichandran Ashwin,Vidarbha Cricket Association Stadium,3.25,2.0
Ravichandran Ashwin,Wankhede Stadium,7.094285714285713,5.0
Ravichandran Ashwin,Zayed Cricket Stadium,3.6666666666666665,4.0
Ravindra Jadeja,ACA-VDCA Stadium,4.0,5.0
Ravindra Jadeja,Arun Jaitley Stadium,5.416666666666667,3.0
Ravindra Jadeja,Brabourne - CCI,8.5,1.0
Ravindra Jadeja,Chidambaram,4.4159999999999995,13.0
Ravindra Jadeja,DY Patil Stadium,8.625,3.0
Ravindra Jadeja,Dubai International Stadium,3.5,0.0
Ravindra Jadeja,Eden Gardens,5.0,3.0
Ravindra Jadeja,IS Bindra Stadium,6.0,1.0
Ravindra Jadeja,JSCA Stadium,3.75,6.0
Ravindra Jadeja,M. Chinnaswamy Stadium,5.25,2.0
Ravindra Jadeja,Maharashtra Cricket Association Stadium,5.0,0.0
Ravindra Jadeja,Maharashtra Cricket Association's International Stadium,4.5,3.0
Ravindra Jadeja,Rajiv Gandhi Intl. Cricket Stadium,5.75,0.0
Ravindra Jadeja,Saurashtra Cricket Association Stadium,5.08,2.0
Ravindra Jadeja,Sawai Mansingh Stadium,5.125,3.0
Ravindra Jadeja,Shaheed Veer Narayan Singh International Cricket Stadium,6.0,0.0
Ravindra Jadeja,Sharjah Cricket Stadium,4.66,1.0
Ravindra Jadeja,St George's Park,5.5,1.0
Ravindra Jadeja,Supersport Park,3.75,3.0
Ravindra Jadeja,Wankhede Stadium,4.5,5.0
Ravindra Jadeja,Zayed Cricket Stadium,5.455,2.0
Riley Meredith,Brabourne - CCI,8.0,0.0
Riley Meredith,DY Patil Stadium,6.125,3.0
Riley Meredith,Wankhede Stadium,8.906666666666666,3.0
Rishi Dhawan,Brabourne - CCI,9.0,2.0
Rishi Dhawan,DY Patil Stadium,6.5,1.0
Rishi Dhawan,Dubai International Stadium,3.5,2.0
Rishi Dhawan,IS Bindra Stadium,5.75,2.0
Rishi Dhawan,Wankhede Stadium,7.75,4.0
Rishi Dhawan,Zayed Cricket Stadium,6.0,1.0
Roelof van der Merwe,Arun Jaitley Stadium,4.25,2.0
Roelof van der Merwe,Jawaharlal Nehru Stadium,5.21,3.0
Roelof van der Merwe,St George's Park,5.66,1.0
Rohit Sharma,De Beers Diamond Oval,4.0,3.0
Rohit Sharma,Supersport Park,3.0,4.0
Romario Shepherd,DY Patil Stadium,10.5,2.0
Romario Shepherd,Maharashtra Cricket Association Stadium,8.25,1.0
Ryan Harris,DY Patil Stadium,4.66,0.0
Ryan Harris,HPCA Stadium,4.375,3.0
Ryan Harris,Maharashtra Cricket Association's International Stadium,3.0,1.0
Ryan Harris,New Wanderers Stadium,5.0,2.0
Ryan Harris,Vidarbha Cricket Association Stadium,4.5,3.0
Ryan McLaren,Brabourne Stadium,5.75,1.0
Ryan McLaren,M. Chinnaswamy Stadium,5.25,1.0
Sachin Tendulkar,St George's Park,5.5,0.0
Sachithra Senanayake,Eden Gardens,4.5,2.0
Sachithra Senanayake,JSCA Stadium,4.5,1.0
Sai Kishore,Eden Gardens,10.75,1.0
Sai Kishore,Wankhede Stadium,6.375,1.0
Sam Curran,Dubai International Stadium,6.0,1.0
Sam Curran,IS Bindra Stadium,4.71,4.0
Sam Curran,Wankhede Stadium,5.0,3.0
Samuel Badree,JSCA Stadium,4.875,1.0
Samuel Badree,M. Chinnaswamy Stadium,3.455,4.0
Sanath Jayasuriya,Arun Jaitley Stadium,4.25,2.0
Sanath Jayasuriya,Eden Gardens,3.5,3.0
Sanath Jayasuriya,Sawai Mansingh Stadium,4.0,0.0
Sandeep Lamichhane,Arun Jaitley Stadium,5.75,2.0
Sandeep Sharma,ACA-VDCA Stadium,2.75,2.0
Sandeep Sharma,Arun Jaitley Stadium,4.11,1.0
Sandeep Sharma,DY Patil Stadium,6.75,0.0
Sandeep Sharma,Dubai International Stadium,4.875,5.0
Sandeep Sharma,Eden Gardens,6.25,0.0
Sandeep Sharma,IS Bindra Stadium,5.125,13.0
Sandeep Sharma,M. Chinnaswamy Stadium,5.5,3.0
Sandeep Sharma,Maharashtra Cricket Association Stadium,4.5,1.0
Sandeep Sharma,Maharashtra Cricket Association's International Stadium,5.666666666666667,5.0
Sandeep Sharma,Narendra Modi Stadium,6.25,1.0
Sandeep Sharma,Rajiv Gandhi Intl. Cricket Stadium,5.1125,8.0
Sandeep Sharma,Sawai Mansingh Stadium,3.75,1.0
Sandeep Sharma,Sharjah Cricket Stadium,5.0,3.0
Sandeep Sharma,Wankhede Stadium,6.5625,3.0
Sandeep Sharma,Zayed Cricket Stadium,5.25,3.0
Scott Styris,Eden Gardens,4.75,0.0
Scott Styris,Rajiv Gandhi Intl. Cricket Stadium,5.33,0.0
Sean Abbott,Brabourne - CCI,11.75,1.0
Shadab Jakati,Buffalo Park,5.5,4.0
Shadab Jakati,Chidambaram,4.9775,6.0
Shadab Jakati,Green Park,5.5,1.0
Shadab Jakati,Wankhede Stadium,4.33,1.0
Shahbaz Ahmed,Brabourne - CCI,10.0,1.0
Shahbaz Ahmed,Chidambaram,3.5,3.0
Shahbaz Ahmed,DY Patil Stadium,6.25,0.0
Shahbaz Ahmed,Dubai International Stadium,5.0,2.0
Shahbaz Ahmed,Eden Gardens,8.75,0.0
Shahbaz Ahmed,Narendra Modi Stadium,5.5,1.0
Shahbaz Ahmed,Zayed Cricket Stadium,5.25,0.0
Shahbaz Nadeem,Arun Jaitley Stadium,4.45,6.0
Shahbaz Nadeem,Dubai International Stadium,6.0,1.0
Shahbaz Nadeem,M. Chinnaswamy Stadium,3.25,1.0
Shahbaz Nadeem,Maharashtra Cricket Association's International Stadium,5.75,1.0
Shahbaz Nadeem,Rajiv Gandhi Intl. Cricket Stadium,3.5,0.0
Shahbaz Nadeem,Shaheed Veer Narayan Singh International Cricket Stadium,4.5,0.0
Shahbaz Nadeem,Sharjah Cricket Stadium,4.75,3.0
Shahbaz Nadeem,Wankhede Stadium,4.0,2.0
Shahid Afridi,M. Chinnaswamy Stadium,5.75,1.0
Shahid Afridi,Rajiv Gandhi Intl. Cricket Stadium,5.75,2.0
Shahid Afridi,Sawai Mansingh Stadium,5.0,0.0
Shakib Al Hasan,Arun Jaitley Stadium,3.25,1.0
Shakib Al Hasan,Barabati Stadium,5.25,1.0
Shakib Al Hasan,Chidambaram,5.75,1.0
Shakib Al Hasan,DY Patil Stadium,4.0,2.0
Shakib Al Hasan,Dubai International Stadium,5.0,1.0
Shakib Al Hasan,Eden Gardens,5.02,8.0
Shakib Al Hasan,Maharashtra Cricket Association's International Stadium,4.58,3.0
Shakib Al Hasan,Rajiv Gandhi Intl. Cricket Stadium,5.916666666666667,4.0
Shakib Al Hasan,Wankhede Stadium,5.415,3.0
Shakib Al Hasan,Zayed Cricket Stadium,5.75,1.0
Shane Bond,Eden Gardens,5.5,3.0
Shane Bond,IS Bindra Stadium,6.0,2.0
Shane Warne,Chidambaram,4.66,0.0
Shane Warne,Eden Gardens,4.25,1.0
Shane Warne,M. Chinnaswamy Stadium,5.75,1.0
Shane Warne,Narendra Modi Stadium,4.625,2.0
Shane Warne,Newlands,4.5,2.0
Shane Warne,Rajiv Gandhi Intl. Cricket Stadium,5.25,2.0
Shane Warne,Sawai Mansingh Stadium,4.5,14.0
Shane Warne,Vidarbha Cricket Association Stadium,5.25,4.0
Shane Warne,Wankhede Stadium,5.25,2.0
Shane Watson,Arun Jaitley Stadium,4.0,1.0
Shane Watson,Brabourne Stadium,6.25,1.0
Shane Watson,Eden Gardens,5.33,0.0
Shane Watson,IS Bindra Stadium,5.125,3.0
Shane Watson,M. Chinnaswamy Stadium,5.2,10.0
Shane Watson,Maharashtra Cricket Association's International Stadium,4.33,1.0
Shane Watson,Narendra Modi Stadium,5.25,3.0
Shane Watson,Sawai Mansingh Stadium,4.5,5.0
Shane Watson,Wankhede Stadium,4.04,6.0
Shane Watson,Zayed Cricket Stadium,2.5,1.0
Shanthakumaran Sreesanth,Arun Jaitley Stadium,4.5,1.0
Shanthakumaran Sreesanth,Holkar Cricket Stadium,4.0,2.0
Shanthakumaran Sreesanth,IS Bindra Stadium,6.0,2.0
Shanthakumaran Sreesanth,Jawaharlal Nehru Stadium,2.5,2.0
Shanthakumaran Sreesanth,Kingsmead,5.75,2.0
Shanthakumaran Sreesanth,M. Chinnaswamy Stadium,4.0,2.0
Shanthakumaran Sreesanth,New Wanderers Stadium,5.0,0.0
Shanthakumaran Sreesanth,OUTsurance Oval,5.0,2.0
Shanthakumaran Sreesanth,Sawai Mansingh Stadium,5.0,2.0
Shardul Thakur,Brabourne - CCI,11.375,2.0
Shardul Thakur,DY Patil Stadium,7.875,4.0
Shardul Thakur,Dubai International Stadium,4.125,3.0
Shardul Thakur,Eden Gardens,4.5,2.0
Shardul Thakur,Maharashtra Cricket Association Stadium,10.5,0.0
Shardul Thakur,Maharashtra Cricket Association's International Stadium,5.375,5.0
Shardul Thakur,Rajiv Gandhi Intl. Cricket Stadium,4.75,0.0
Shardul Thakur,Saurashtra Cricket Association Stadium,4.66,1.0
Shardul Thakur,Sawai Mansingh Stadium,5.5,1.0
Shardul Thakur,Wankhede Stadium,6.5,5.0
Shardul Thakur,Zayed Cricket Stadium,5.0,2.0
Shaun Pollock,DY Patil Stadium,4.0,2.0
Shaun Pollock,M. Chinnaswamy Stadium,5.75,0.0
Shaun Pollock,Wankhede Stadium,3.54,5.0
Shaun Tait,IS Bindra Stadium,4.5,2.0
Shaun Tait,Maharashtra Cricket Association's International Stadium,3.25,3.0
Shaun Tait,Narendra Modi Stadium,5.5,5.0
Sheldon Cottrell,Dubai International Stadium,5.83,4.0
Sheldon Cottrell,Zayed Cricket Stadium,5.0,1.0
Shikhar Dhawan,Rajiv Gandhi Intl. Cricket Stadium,4.0,1.0
Shivam Dube,Dubai International Stadium,5.0,2.0
Shivam Mavi,Brabourne - CCI,8.5,1.0
Shivam Mavi,DY Patil Stadium,9.0,1.0
Shivam Mavi,Dubai International Stadium,4.375,4.0
Shivam Mavi,Maharashtra Cricket Association Stadium,12.5,1.0
Shivam Mavi,Narendra Modi Stadium,3.25,1.0
Shivam Mavi,Wankhede Stadium,7.25,2.0
Shivil Kaushik,Arun Jaitley Stadium,5.5,2.0
Shivil Kaushik,Rajiv Gandhi Intl. Cricket Stadium,6.25,0.0
Shivil Kaushik,Saurashtra Cricket Association Stadium,5.0,3.0
Shoaib Ahmed,Supersport Park,5.0,2.0
Shoaib Akhtar,Eden Gardens,3.66,4.0
Shreyas Gopal,Arun Jaitley Stadium,5.25,2.0
Shreyas Gopal,M. Chinnaswamy Stadium,5.5,2.0
Shreyas Gopal,Maharashtra Cricket Association's International Stadium,5.0,3.0
Shreyas Gopal,Rajiv Gandhi Intl. Cricket Stadium,6.0,0.0
Shreyas Gopal,Sawai Mansingh Stadium,4.083333333333333,9.0
Shreyas Gopal,Wankhede Stadium,5.625,0.0
Shreyas Gopal,Zayed Cricket Stadium,3.5,1.0
Shrikant Wagh,DY Patil Stadium,5.165,3.0
Shrikant Wagh,Wankhede Stadium,4.5,1.0
Siddarth Kaul,Arun Jaitley Stadium,4.0,0.0
Siddarth Kaul,Dubai International Stadium,4.63,1.0
Siddarth Kaul,Rajiv Gandhi Intl. Cricket Stadium,5.4575,6.0
Siddarth Kaul,Sawai Mansingh Stadium,5.75,2.0
Siddarth Kaul,Wankhede Stadium,8.25,3.0
Siddharth Trivedi,Arun Jaitley Stadium,4.5,1.0
Siddharth Trivedi,Kingsmead,4.875,3.0
Siddharth Trivedi,Narendra Modi Stadium,4.5,0.0
Siddharth Trivedi,Rajiv Gandhi Intl. Cricket Stadium,4.583333333333333,6.0
Siddharth Trivedi,Sawai Mansingh Stadium,4.332,9.0
Siddharth Trivedi,Vidarbha Cricket Association Stadium,5.64,3.0
Simarjeet Singh,DY Patil Stadium,6.75,2.0
Simarjeet Singh,Wankhede Stadium,5.5,1.0
Sohail Tanvir,DY Patil Stadium,4.1,0.0
Sohail Tanvir,Sawai Mansingh Stadium,3.1666666666666665,13.0
Sourav Ganguly,Eden Gardens,4.04,1.0
Sourav Ganguly,M. Chinnaswamy Stadium,5.25,2.0
Sreenath Aravind,JSCA Stadium,6.25,1.0
Sreenath Aravind,M. Chinnaswamy Stadium,4.832857142857143,10.0
Sreenath Aravind,Maharashtra Cricket Association's International Stadium,5.0,2.0
Stuart Binny,ACA-VDCA Stadium,6.0,0.0
Stuart Binny,Maharashtra Cricket Association's International Stadium,4.0,1.0
Stuart Binny,Narendra Modi Stadium,4.0,1.0
Stuart Binny,Sawai Mansingh Stadium,3.08,3.0
Sudeep Tyagi,Buffalo Park,4.5,1.0
Sudeep Tyagi,M. Chinnaswamy Stadium,4.75,0.0
Sudeep Tyagi,Supersport Park,4.5,0.0
Sunil Joshi,Wankhede Stadium,5.0,0.0
Sunil Narine,Arun Jaitley Stadium,5.0,1.0
Sunil Narine,Barabati Stadium,4.5,1.0
Sunil Narine,Brabourne - CCI,5.416666666666667,4.0
Sunil Narine,Chidambaram,4.25,1.0
Sunil Narine,DY Patil Stadium,5.6875,1.0
Sunil Narine,Dubai International Stadium,4.416666666666667,1.0
Sunil Narine,Eden Gardens,4.605714285714286,42.0
Sunil Narine,IS Bindra Stadium,5.5,2.0
Sunil Narine,M. Chinnaswamy Stadium,4.833333333333333,0.0
Sunil Narine,Maharashtra Cricket Association Stadium,6.666666666666667,2.0
Sunil Narine,Maharashtra Cricket Association's International Stadium,3.6666666666666665,4.0
Sunil Narine,Narendra Modi Stadium,5.5,2.0
Sunil Narine,Rajiv Gandhi Intl. Cricket Stadium,4.583333333333333,2.0
Sunil Narine,Sawai Mansingh Stadium,5.5,0.0
Sunil Narine,Shaheed Veer Narayan Singh International Cricket Stadium,3.5,0.0
Sunil Narine,Sharjah Cricket Stadium,4.666666666666667,7.0
Sunil Narine,Wankhede Stadium,4.9662500000000005,9.0
Sunil Narine,Zayed Cricket Stadium,5.3,9.0
Suresh Raina,ACA-VDCA Stadium,5.0,1.0
Suresh Raina,Chidambaram,4.45,1.0
Suresh Raina,DY Patil Stadium,5.33,0.0
Suresh Raina,Dubai International Stadium,3.0,0.0
Suresh Raina,Eden Gardens,5.5,1.0
Suresh Raina,JSCA Stadium,5.0,0.0
Suresh Raina,Kingsmead,4.375,4.0
Suresh Raina,St George's Park,5.5,1.0
Suresh Raina,Supersport Park,4.75,1.0
Syed Mohammad,Chidambaram,5.0,2.0
Syed Mohammad,Eden Gardens,5.0,1.0
T Natarajan,Brabourne - CCI,9.25,3.0
T Natarajan,DY Patil Stadium,8.0,7.0
T Natarajan,Dubai International Stadium,5.75,0.0
T Natarajan,IS Bindra Stadium,3.5,0.0
T Natarajan,Maharashtra Cricket Association Stadium,10.666666666666666,5.0
T Natarajan,Sharjah Cricket Stadium,2.75,1.0
T Natarajan,Wankhede Stadium,12.875,0.0
Tabraiz Shamsi,Saurashtra Cricket Association Stadium,5.25,1.0
Thisara Perera,Arun Jaitley Stadium,4.66,0.0
Thisara Perera,IS Bindra Stadium,4.75,1.0
Thisara Perera,Maharashtra Cricket Association's International Stadium,5.0,3.0
Thisara Perera,Rajiv Gandhi Intl. Cricket Stadium,3.47,2.0
Tillakaratne Dilshan,Chidambaram,4.75,1.0
Tim Southee,ACA-VDCA Stadium,5.5,1.0
Tim Southee,DY Patil Stadium,8.416666666666666,6.0
Tim Southee,M. Chinnaswamy Stadium,6.25,2.0
Tim Southee,Maharashtra Cricket Association Stadium,6.375,3.0
Tim Southee,Rajiv Gandhi Intl. Cricket Stadium,6.0,3.0
Tim Southee,Wankhede Stadium,8.625,4.0
Tim Southee,Zayed Cricket Stadium,5.33,0.0
Tirumalasetti Suman,Supersport Park,3.5,2.0
Trent Boult,ACA-VDCA Stadium,5.0,1.0
Trent Boult,Arun Jaitley Stadium,5.0,2.0
Trent Boult,Brabourne - CCI,9.166666666666666,3.0
Trent Boult,Chidambaram,5.75,0.0
Trent Boult,DY Patil Stadium,7.625,2.0
Trent Boult,Dubai International Stadium,4.666666666666667,6.0
Trent Boult,Eden Gardens,9.5,1.0
Trent Boult,IS Bindra Stadium,4.75,3.0
Trent Boult,Maharashtra Cricket Association Stadium,5.75,2.0
Trent Boult,Narendra Modi Stadium,5.25,2.0
Trent Boult,Sharjah Cricket Stadium,4.5,4.0
Trent Boult,Wankhede Stadium,8.6,5.0
Tushar Deshpande,Brabourne - CCI,10.0,1.0
Tymal Mills,DY Patil Stadium,8.75,3.0
Tymal Mills,Maharashtra Cricket Association Stadium,9.25,0.0
Tyron Henderson,Kingsmead,5.0,0.0
Umar Gul,Eden Gardens,5.75,4.0
Umesh Yadav,Arun Jaitley Stadium,5.25,7.0
Umesh Yadav,Brabourne - CCI,10.25,1.0
Umesh Yadav,Chidambaram,4.33,0.0
Umesh Yadav,DY Patil Stadium,6.75,3.0
Umesh Yadav,Eden Gardens,4.625,7.0
Umesh Yadav,HPCA Stadium,4.75,3.0
Umesh Yadav,Holkar Cricket Stadium,5.75,3.0
Umesh Yadav,IS Bindra Stadium,5.66,1.0
Umesh Yadav,M. Chinnaswamy Stadium,5.1875,6.0
Umesh Yadav,Maharashtra Cricket Association Stadium,5.5,2.0
Umesh Yadav,Maharashtra Cricket Association's International Stadium,5.0,2.0
Umesh Yadav,Sawai Mansingh Stadium,6.25,3.0
Umesh Yadav,Wankhede Stadium,5.1,12.0
Umran Malik,Brabourne - CCI,7.666666666666667,3.0
Umran Malik,DY Patil Stadium,8.375,5.0
Umran Malik,Maharashtra Cricket Association Stadium,10.0,5.0
Umran Malik,Wankhede Stadium,6.25,5.0
Umran Malik,Zayed Cricket Stadium,5.25,1.0
Vaibhav Arora,Brabourne - CCI,6.875,2.0
Vaibhav Arora,Maharashtra Cricket Association Stadium,10.75,1.0
Varun Aaron,Arun Jaitley Stadium,5.3999999999999995,5.0
Varun Aaron,Chidambaram,5.0,1.0
Varun Aaron,Eden Gardens,5.0,2.0
Varun Aaron,Holkar Cricket Stadium,5.25,2.0
Varun Aaron,IS Bindra Stadium,1.5,2.0
Varun Aaron,Sharjah Cricket Stadium,3.5,4.0
Varun Aaron,Wankhede Stadium,11.25,2.0
Varun Chakaravarthy,Brabourne - CCI,11.0,1.0
Varun Chakaravarthy,DY Patil Stadium,8.875,1.0
Varun Chakaravarthy,Dubai International Stadium,5.416666666666667,6.0
Varun Chakaravarthy,Maharashtra Cricket Association Stadium,7.125,2.0
Varun Chakaravarthy,Sharjah Cricket Stadium,4.25,1.0
Varun Chakaravarthy,Wankhede Stadium,4.625,1.0
Varun Chakaravarthy,Zayed Cricket Stadium,5.0,10.0
Venugopal Rao,New Wanderers Stadium,4.0,1.0
Venugopal Rao,Rajiv Gandhi Intl. Cricket Stadium,6.0,0.0
Vijay Shankar,Dubai International Stadium,5.0,1.0
Vijay Shankar,Rajiv Gandhi Intl. Cricket Stadium,5.5,1.0
Vijay Shankar,Zayed Cricket Stadium,5.0,1.0
Vikram Singh,IS Bindra Stadium,3.75,1.0
Vikram Singh,Newlands,4.75,0.0
Vikramjeet Malik,Arun Jaitley Stadium,4.66,2.0
Vinay Kumar,DY Patil Stadium,5.0,1.0
Vinay Kumar,Eden Gardens,5.416666666666667,1.0
Vinay Kumar,Green Park,5.66,2.0
Vinay Kumar,IS Bindra Stadium,5.58,1.0
Vinay Kumar,JSCA Stadium,5.1,2.0
Vinay Kumar,Jawaharlal Nehru Stadium,5.33,0.0
Vinay Kumar,M. Chinnaswamy Stadium,4.5,5.0
Vinay Kumar,Narendra Modi Stadium,4.33,1.0
Vinay Kumar,Rajiv Gandhi Intl. Cricket Stadium,5.5,3.0
Virender Sehwag,Chidambaram,4.5,2.0
Wanindu Hasaranga,Brabourne - CCI,5.375,4.0
Wanindu Hasaranga,DY Patil Stadium,7.5,5.0
Wanindu Hasaranga,Eden Gardens,10.5,1.0
Wanindu Hasaranga,Maharashtra Cricket Association Stadium,6.375,4.0
Wanindu Hasaranga,Narendra Modi Stadium,6.5,1.0
Wanindu Hasaranga,Wankhede Stadium,7.1875,8.0
Washington Sundar,DY Patil Stadium,6.125,4.0
Washington Sundar,Dubai International Stadium,4.443333333333333,3.0
Washington Sundar,M. Chinnaswamy Stadium,5.5,2.0
Washington Sundar,Maharashtra Cricket Association Stadium,10.0,0.0
Washington Sundar,Maharashtra Cricket Association's International Stadium,4.75,1.0
Washington Sundar,Rajiv Gandhi Intl. Cricket Stadium,3.25,0.0
Washington Sundar,Sharjah Cricket Stadium,5.0,2.0
Washington Sundar,Wankhede Stadium,7.166666666666667,4.0
Washington Sundar,Zayed Cricket Stadium,4.875,2.0
Wayne Parnell,Arun Jaitley Stadium,5.25,2.0
Wayne Parnell,DY Patil Stadium,5.0,1.0
Wayne Parnell,IS Bindra Stadium,3.0,2.0
Wayne Parnell,Maharashtra Cricket Association's International Stadium,4.5,2.0
Wayne Parnell,Sharjah Cricket Stadium,4.25,1.0
Wilkin Mota,Kingsmead,4.0,1.0
Yash Dayal,DY Patil Stadium,10.25,5.0
Yash Dayal,Eden Gardens,11.5,1.0
Yash Dayal,Maharashtra Cricket Association Stadium,10.0,1.0
Yash Dayal,Wankhede Stadium,7.375,1.0
Yo Mahesh,IS Bindra Stadium,5.75,1.0
Yo Mahesh,Sawai Mansingh Stadium,5.25,2.0
Yusuf Abdulla,Kingsmead,4.75,2.0
Yusuf Abdulla,Newlands,5.25,3.0
Yusuf Pathan,Arun Jaitley Stadium,4.33,1.0
Yusuf Pathan,DY Patil Stadium,5.5,3.0
Yusuf Pathan,Eden Gardens,5.0625,5.0
Yusuf Pathan,IS Bindra Stadium,4.5,2.0
Yusuf Pathan,Jawaharlal Nehru Stadium,5.33,1.0
Yusuf Pathan,Narendra Modi Stadium,5.75,2.0
Yusuf Pathan,Sawai Mansingh Stadium,3.75,0.0
Yusuf Pathan,St George's Park,4.75,1.0
Yusuf Pathan,Supersport Park,5.66,2.0
Yusuf Pathan,Vidarbha Cricket Association Stadium,1.5,0.0
Yuvraj Singh,Arun Jaitley Stadium,3.5,1.0
Yuvraj Singh,Barabati Stadium,5.25,2.0
Yuvraj Singh,IS Bindra Stadium,4.58,1.0
Yuvraj Singh,Kingsmead,5.5,3.0
Yuvraj Singh,M. Chinnaswamy Stadium,5.0,0.0
Yuvraj Singh,New Wanderers Stadium,3.25,3.0
Yuvraj Singh,Newlands,4.5,0.0
Yuvraj Singh,Rajiv Gandhi Intl. Cricket Stadium,4.125,3.0
Yuvraj Singh,Shaheed Veer Narayan Singh International Cricket Stadium,4.5,0.0
Yuvraj Singh,Wankhede Stadium,6.0,2.0
Yuzvendra Chahal,Brabourne - CCI,9.0,8.0
Yuzvendra Chahal,Chidambaram,1.5,1.0
Yuzvendra Chahal,DY Patil Stadium,8.375,5.0
Yuzvendra Chahal,Dubai International Stadium,4.75,14.0
Yuzvendra Chahal,Eden Gardens,6.0,3.0
Yuzvendra Chahal,Holkar Cricket Stadium,3.0,1.0
Yuzvendra Chahal,M. Chinnaswamy Stadium,5.479166666666667,15.0
Yuzvendra Chahal,Maharashtra Cricket Association Stadium,5.625,3.0
Yuzvendra Chahal,Maharashtra Cricket Association's International Stadium,5.0,2.0
Yuzvendra Chahal,Narendra Modi Stadium,7.083333333333333,1.0
Yuzvendra Chahal,Rajiv Gandhi Intl. Cricket Stadium,5.5,1.0
Yuzvendra Chahal,Sawai Mansingh Stadium,4.25,2.0
Yuzvendra Chahal,Sharjah Cricket Stadium,4.375,6.0
Yuzvendra Chahal,Wankhede Stadium,7.15,10.0
Yuzvendra Chahal,Zayed Cricket Stadium,5.3525,7.0
Zaheer Khan,ACA-VDCA Stadium,6.04,1.0
Zaheer Khan,Arun Jaitley Stadium,5.0,8.0
Zaheer Khan,Brabourne Stadium,4.75,3.0
Zaheer Khan,Dubai International Stadium,5.25,2.0
Zaheer Khan,Kingsmead,4.75,1.0
Zaheer Khan,M. Chinnaswamy Stadium,5.125,6.0
Zaheer Khan,Maharashtra Cricket Association's International Stadium,5.25,2.0
Zaheer Khan,Sawai Mansingh Stadium,4.25,2.0
Zaheer Khan,Shaheed Veer Narayan Singh International Cricket Stadium,2.25,2.0
Zaheer Khan,St George's Park,4.66,1.0
Zaheer Khan,Wankhede Stadium,4.125,2.0
Zaheer Khan,Zayed Cricket Stadium,5.75,1.0
